Accident_ID,District,Police_Station,Accident_DateTime,Latitude,Longitude,Road_Name,Road_Classification,Severity,No_of_Vehicles,Drivers_Killed,Drivers_Grievous_Injury,Drivers_Minor_Injury,Passengers_Killed,Passengers_Grievous_Injury,Passengers_Minor_Injury,Pedestrians_Killed,Pedestrians_Grievous_Injury,Pedestrians_Minor_Injury,Collision_Type,Collision_Feature,Weather_Condition,Light_Condition,Visibility,Traffic_Violation,Date,Year,Month,Hour,DayOfWeek,Month_Name,Severity_Score,Total_Killed,Total_Injured,Time_Category
ACC00354,Anand,Borsad PS,2021-08-13 18:43:00,22.647406,71.059856,Airport Road,State Highway,Damage Only,4,0,0,0,0,0,0,0,0,0,Pedestrian Hit,Straight Road,Cloudy,Night - No Street Light,Unknown,Unknown,2021-08-13,2021,8,18,Friday,Aug,0,0,0,Evening
ACC00355,Bhavnagar,Talaja PS,2022-08-06 10:03:00,20.307545,70.297924,Expressway,State Highway,Minor,4,0,0,2,0,0,1,0,0,1,Rollover,Unknown,Unknown,Night - No Street Light,Unknown,Drunk Driving,2022-08-06,2022,8,10,Saturday,Aug,1,0,4,Morning
ACC00356,Bharuch,Bharuch City PS,2024-09-16 07:15:00,21.535658,72.434345,SH-41,Urban Road,Minor,4,0,0,3,0,0,2,0,0,1,Side Impact,Curve,Clear,Night - No Street Light,Good,Overloading,2024-09-16,2024,9,7,Monday,Sep,1,0,6,Morning
ACC00357,Gandhinagar,Sector 21 PS,2024-11-26 15:37:00,21.555966,70.131255,NH-27,District Road,Minor,3,0,0,1,0,0,2,0,0,1,Pedestrian Hit,Pothole Area,Unknown,Night - Street Light On,Poor,Overloading,2024-11-26,2024,11,15,Tuesday,Nov,1,0,4,Afternoon
ACC00358,Bharuch,Vagra PS,2022-02-18 15:40:00,23.720888,71.475754,SH-14,State Highway,Damage Only,1,0,0,0,0,0,0,0,0,0,Side Impact,Unknown,Hazy,Dawn/Dusk,Moderate,Unknown,2022-02-18,2022,2,15,Friday,Feb,0,0,0,Afternoon
ACC00359,Bhavnagar,Bhavnagar City PS,2024-04-27 10:17:00,23.785454,69.421357,NH-8,Urban Road,Damage Only,3,0,0,0,0,0,0,0,0,0,Head-On,Junction/Intersection,Hazy,Night - No Street Light,Unknown,Unknown,2024-04-27,2024,4,10,Saturday,Apr,0,0,0,Morning
ACC00360,Rajkot,Kalawad PS,2023-04-04 08:39:00,23.189177,73.649648,City Road,National Highway,Minor,0,0,0,2,0,0,2,0,0,1,Single Vehicle,Curve,Hazy,Dawn/Dusk,Moderate,Unknown,2023-04-04,2023,4,8,Tuesday,Apr,1,0,5,Morning
ACC00361,Bhavnagar,Bhavnagar City PS,2023-12-06 06:23:00,21.20572,72.92284,SH-41,Rural Road,Grievous,0,0,1,2,0,2,1,0,1,0,Hit & Run,Flyover,Clear,Night - Street Light On,Unknown,Mobile Phone Use,2023-12-06,2023,12,6,Wednesday,Dec,2,0,7,Morning
ACC00362,Rajkot,Rajkot Central PS,2021-11-04 06:01:00,23.905253,71.626898,Ring Road,National Highway,Minor,1,0,0,2,0,0,0,0,0,0,Hit & Run,Straight Road,Rainy,Night - Street Light On,Poor,Signal Jumping,2021-11-04,2021,11,6,Thursday,Nov,1,0,2,Morning
ACC00363,Surat,Adajan PS,2021-02-10 01:55:00,21.543962,68.500565,Ring Road,District Road,Damage Only,1,0,0,0,0,0,0,0,0,0,Side Impact,Straight Road,Cloudy,Night - Street Light On,Moderate,Drunk Driving,2021-02-10,2021,2,1,Wednesday,Feb,0,0,0,Night
ACC00364,Junagadh,Manavadar PS,2023-12-12 08:31:00,21.195154,73.18213,SH-20,National Highway,Minor,2,0,0,1,0,0,0,0,0,0,Pedestrian Hit,Bridge,Unknown,Night - Street Light On,Unknown,Wrong Side Driving,2023-12-12,2023,12,8,Tuesday,Dec,1,0,1,Morning
ACC00365,Gandhinagar,Kalol PS,2023-04-17 08:55:00,22.355649,74.076879,SH-20,State Highway,Grievous,4,0,2,2,0,0,1,0,0,0,Rollover,Pothole Area,Rainy,Night - No Street Light,Moderate,No Helmet,2023-04-17,2023,4,8,Monday,Apr,2,0,5,Morning
ACC00366,Rajkot,Kalavad Road PS,2024-02-06 12:19:00,23.322837,72.417065,Airport Road,National Highway,Damage Only,0,0,0,0,0,0,0,0,0,0,Pedestrian Hit,Bridge,Cloudy,Daylight,Unknown,Mobile Phone Use,2024-02-06,2024,2,12,Tuesday,Feb,0,0,0,Afternoon
ACC00367,Ahmedabad,Maninagar PS,2022-09-02 06:55:00,24.313098,73.640644,NH-8,Urban Road,Minor,4,0,0,2,0,0,2,0,0,1,Single Vehicle,Straight Road,Foggy,Daylight,Unknown,Overloading,2022-09-02,2022,9,6,Friday,Sep,1,0,5,Morning
ACC00368,Ahmedabad,Maninagar PS,2024-12-01 08:32:00,22.036004,71.550685,SH-20,State Highway,Damage Only,2,0,0,0,0,0,0,0,0,0,Hit & Run,Flyover,Clear,Night - Street Light On,Unknown,Unknown,2024-12-01,2024,12,8,Sunday,Dec,0,0,0,Morning
ACC00369,Surat,Adajan PS,2022-02-14 20:19:00,20.478267,71.353105,NH-8,State Highway,Damage Only,4,0,0,0,0,0,0,0,0,0,Pedestrian Hit,Curve,Hazy,Dawn/Dusk,Poor,Overloading,2022-02-14,2022,2,20,Monday,Feb,0,0,0,Evening
ACC00370,Vadodara,Waghodiya PS,2021-12-22 21:37:00,23.777832,70.711327,NH-53,State Highway,Grievous,2,0,2,0,0,1,0,0,0,0,Hit & Run,Flyover,Hazy,Night - Street Light On,Good,Over Speeding,2021-12-22,2021,12,21,Wednesday,Dec,2,0,3,Evening
ACC00371,Anand,Petlad PS,2023-05-29 19:16:00,24.506951,71.67363,NH-48,District Road,Grievous,2,0,2,0,0,2,1,0,1,1,Single Vehicle,Flyover,Cloudy,Dawn/Dusk,Good,Wrong Side Driving,2023-05-29,2023,5,19,Monday,May,2,0,7,Evening
ACC00372,Vadodara,Manjalpur PS,2022-02-28 19:13:00,21.401649,70.735485,Ring Road,Urban Road,Minor,3,0,0,3,0,0,2,0,0,1,Pedestrian Hit,Junction/Intersection,Foggy,Night - Street Light On,Unknown,Wrong Side Driving,2022-02-28,2022,2,19,Monday,Feb,1,0,6,Evening
ACC00373,Ahmedabad,Naranpura PS,2023-08-19 04:55:00,23.287908,72.594016,Expressway,State Highway,Damage Only,3,0,0,0,0,0,0,0,0,0,Hit & Run,Junction/Intersection,Clear,Daylight,Good,Over Speeding,2023-08-19,2023,8,4,Saturday,Aug,0,0,0,Night
ACC00374,Rajkot,Kalawad PS,2022-12-27 19:42:00,22.851868,68.386725,SH-14,State Highway,Minor,1,0,0,3,0,0,0,0,0,0,Rollover,Junction/Intersection,Cloudy,Night - No Street Light,Moderate,Unknown,2022-12-27,2022,12,19,Tuesday,Dec,1,0,3,Evening
ACC00375,Vadodara,Gotri PS,2023-10-07 10:56:00,20.512381,70.827457,SH-14,Rural Road,Minor,3,0,0,2,0,0,2,0,0,1,Head-On,Curve,Cloudy,Night - No Street Light,Poor,No Seatbelt,2023-10-07,2023,10,10,Saturday,Oct,1,0,5,Morning
ACC00376,Junagadh,Veraval PS,2023-06-12 05:20:00,22.359864,71.600751,City Road,National Highway,Damage Only,2,0,0,0,0,0,0,0,0,0,Single Vehicle,Straight Road,Rainy,Night - Street Light On,Good,Wrong Side Driving,2023-06-12,2023,6,5,Monday,Jun,0,0,0,Night
ACC00377,Surat,Adajan PS,2022-06-17 05:45:00,20.633711,71.217938,Bypass Road,District Road,Grievous,2,0,2,0,0,0,0,0,0,1,Side Impact,Speed Breaker,Cloudy,Dawn/Dusk,Unknown,Drunk Driving,2022-06-17,2022,6,5,Friday,Jun,2,0,3,Night
ACC00378,Vadodara,Gotri PS,2022-07-13 18:57:00,21.077022,68.125992,NH-8,National Highway,Minor,1,0,0,2,0,0,2,0,0,0,Rollover,Straight Road,Rainy,Dawn/Dusk,Good,No Helmet,2022-07-13,2022,7,18,Wednesday,Jul,1,0,4,Evening
ACC00379,Anand,Khambhat PS,2024-04-24 03:53:00,20.232823,72.558552,Bypass Road,District Road,Minor,4,0,0,2,0,0,2,0,0,0,Hit & Run,Junction/Intersection,Hazy,Daylight,Poor,Over Speeding,2024-04-24,2024,4,3,Wednesday,Apr,1,0,4,Night
ACC00380,Rajkot,Rajkot Central PS,2024-08-11 09:20:00,23.52148,71.894437,NH-27,Urban Road,Minor,2,0,0,2,0,0,1,0,0,1,Hit & Run,Curve,Cloudy,Daylight,Good,Wrong Side Driving,2024-08-11,2024,8,9,Sunday,Aug,1,0,4,Morning
ACC00381,Vadodara,Sayajigunj PS,2022-09-04 15:51:00,23.809225,72.41526,NH-53,National Highway,Grievous,4,0,2,1,0,2,2,0,0,1,Side Impact,Flyover,Foggy,Night - Street Light On,Unknown,Overloading,2022-09-04,2022,9,15,Sunday,Sep,2,0,8,Afternoon
ACC00382,Anand,Khambhat PS,2024-06-11 05:27:00,20.527558,74.231612,City Road,State Highway,Minor,4,0,0,2,0,0,0,0,0,1,Rear-End,Pothole Area,Rainy,Dawn/Dusk,Good,Mobile Phone Use,2024-06-11,2024,6,5,Tuesday,Jun,1,0,3,Night
ACC00383,Gandhinagar,Sector 7 PS,2021-09-19 21:57:00,21.243806,71.681775,Airport Road,National Highway,Minor,4,0,0,3,0,0,2,0,0,0,Head-On,Speed Breaker,Clear,Dawn/Dusk,Unknown,Drunk Driving,2021-09-19,2021,9,21,Sunday,Sep,1,0,5,Evening
ACC00384,Bharuch,Jhagadia PS,2024-04-14 02:49:00,20.624103,69.231179,NH-53,Urban Road,Damage Only,4,0,0,0,0,0,0,0,0,0,Pedestrian Hit,Straight Road,Cloudy,Night - No Street Light,Poor,Unknown,2024-04-14,2024,4,2,Sunday,Apr,0,0,0,Night
ACC00385,Mehsana,Patan PS,2022-06-27 10:58:00,20.961082,72.806285,Industrial Road,State Highway,Damage Only,1,0,0,0,0,0,0,0,0,0,Side Impact,Straight Road,Cloudy,Daylight,Good,No Seatbelt,2022-06-27,2022,6,10,Monday,Jun,0,0,0,Morning
ACC00386,Surat,Katargam PS,2024-09-05 15:29:00,24.09639,71.891891,Bypass Road,National Highway,Damage Only,2,0,0,0,0,0,0,0,0,0,Side Impact,Speed Breaker,Foggy,Dawn/Dusk,Poor,Drunk Driving,2024-09-05,2024,9,15,Thursday,Sep,0,0,0,Afternoon
ACC00387,Vadodara,Sayajigunj PS,2022-01-26 03:52:00,,73.511776,SH-6,National Highway,Grievous,3,0,1,1,0,1,1,0,0,0,Hit & Run,Pothole Area,Rainy,Dawn/Dusk,Moderate,Drunk Driving,2022-01-26,2022,1,3,Wednesday,Jan,2,0,4,Night
ACC00388,Vadodara,Fatehgunj PS,2024-12-09 14:31:00,24.055064,69.368432,Industrial Road,Urban Road,Fatal,4,1,1,0,1,1,1,1,0,1,Pedestrian Hit,Straight Road,Foggy,Daylight,Good,Unknown,2024-12-09,2024,12,14,Monday,Dec,3,3,4,Afternoon
ACC00389,Surat,Piplod PS,2021-02-08 13:36:00,20.392149,70.727966,Bypass Road,State Highway,Minor,2,0,0,2,0,0,2,0,0,0,Head-On,Pothole Area,Foggy,Dawn/Dusk,Unknown,Over Speeding,2021-02-08,2021,2,13,Monday,Feb,1,0,4,Afternoon
ACC00390,Mehsana,Visnagar PS,2023-06-17 07:32:00,24.281723,71.893231,SH-41,Urban Road,Minor,3,0,0,2,0,0,0,0,0,0,Single Vehicle,Curve,Foggy,Dawn/Dusk,Unknown,Unknown,2023-06-17,2023,6,7,Saturday,Jun,1,0,2,Morning
ACC00391,Gandhinagar,Sector 21 PS,2024-09-28 15:08:00,20.819045,73.098939,Bypass Road,Urban Road,Minor,3,0,0,3,0,0,0,0,0,0,Side Impact,Speed Breaker,Clear,Daylight,Poor,Mobile Phone Use,2024-09-28,2024,9,15,Saturday,Sep,1,0,3,Afternoon
ACC00392,Junagadh,Junagadh City PS,2021-05-11 10:27:00,21.142775,71.164101,SH-20,State Highway,Grievous,1,0,1,2,0,1,1,0,0,0,Pedestrian Hit,Straight Road,Hazy,Night - No Street Light,Moderate,Unknown,2021-05-11,2021,5,10,Tuesday,May,2,0,5,Morning
ACC00393,Bhavnagar,Mahuva PS,2021-07-28 17:02:00,20.868413,69.393933,SH-20,National Highway,Damage Only,3,0,0,0,0,0,0,0,0,0,Rear-End,Pothole Area,Cloudy,Dawn/Dusk,Good,Signal Jumping,2021-07-28,2021,7,17,Wednesday,Jul,0,0,0,Afternoon
ACC00394,Bharuch,Ankleshwar PS,2021-09-09 06:28:00,23.638409,,SH-41,District Road,Minor,3,0,0,3,0,0,1,0,0,1,Pedestrian Hit,Junction/Intersection,Hazy,Night - Street Light On,Good,Mobile Phone Use,2021-09-09,2021,9,6,Thursday,Sep,1,0,5,Morning
ACC00395,Rajkot,Mavdi PS,2023-12-21 13:50:00,23.788136,70.678649,Bypass Road,District Road,Damage Only,1,0,0,0,0,0,0,0,0,0,Pedestrian Hit,Pothole Area,Foggy,Daylight,Unknown,Signal Jumping,2023-12-21,2023,12,13,Thursday,Dec,0,0,0,Afternoon
ACC00396,Junagadh,Junagadh City PS,2021-06-23 10:20:00,23.652914,70.577577,NH-48,National Highway,Minor,4,0,0,3,0,0,2,0,0,1,Single Vehicle,Curve,Hazy,Daylight,Poor,No Seatbelt,2021-06-23,2021,6,10,Wednesday,Jun,1,0,6,Morning
ACC00397,Bharuch,Jhagadia PS,2021-01-17 08:57:00,24.334073,70.910991,SH-6,District Road,Minor,4,0,0,1,0,0,1,0,0,0,Rollover,Speed Breaker,Unknown,Dawn/Dusk,Poor,Unknown,2021-01-17,2021,1,8,Sunday,Jan,1,0,2,Morning
ACC00398,Surat,Piplod PS,2022-11-17 12:46:00,24.147428,71.506978,SH-6,National Highway,Damage Only,1,0,0,0,0,0,0,0,0,0,Head-On,Junction/Intersection,Hazy,Night - No Street Light,Moderate,Over Speeding,2022-11-17,2022,11,12,Thursday,Nov,0,0,0,Afternoon
ACC00399,Junagadh,Manavadar PS,2022-06-14 07:53:00,23.441943,68.795784,NH-48,Rural Road,Minor,1,0,0,2,0,0,1,0,0,0,Pedestrian Hit,Pothole Area,Hazy,Night - No Street Light,Good,Over Speeding,2022-06-14,2022,6,7,Tuesday,Jun,1,0,3,Morning
ACC00400,Mehsana,Visnagar PS,2022-04-29 23:37:00,24.213959,71.459719,Industrial Road,Urban Road,Damage Only,2,0,0,0,0,0,0,0,0,0,Rear-End,Junction/Intersection,Unknown,Night - Street Light On,Unknown,Unknown,2022-04-29,2022,4,23,Friday,Apr,0,0,0,Night
ACC00401,Ahmedabad,Chandkheda PS,2023-11-24 18:12:00,21.761831,72.583335,SH-41,Urban Road,Grievous,4,0,2,0,0,2,2,0,1,1,Hit & Run,Straight Road,Cloudy,Night - Street Light On,Unknown,Wrong Side Driving,2023-11-24,2023,11,18,Friday,Nov,2,0,8,Evening
ACC00402,Gandhinagar,Dehgam PS,2023-10-19 20:27:00,23.269482,72.709817,Ring Road,District Road,Minor,1,0,0,3,0,0,0,0,0,1,Pedestrian Hit,Speed Breaker,Rainy,Dawn/Dusk,Unknown,Signal Jumping,2023-10-19,2023,10,20,Thursday,Oct,1,0,4,Evening
ACC00403,Mehsana,Mehsana City PS,2021-11-18 17:23:00,20.646324,68.795118,SH-20,State Highway,Minor,3,0,0,2,0,0,0,0,0,1,Rollover,Speed Breaker,Rainy,Daylight,Poor,Mobile Phone Use,2021-11-18,2021,11,17,Thursday,Nov,1,0,3,Afternoon
ACC00404,Surat,Katargam PS,2021-10-19 18:26:00,24.213563,69.458163,SH-41,Rural Road,Damage Only,4,0,0,0,0,0,0,0,0,0,Single Vehicle,Straight Road,Hazy,Night - No Street Light,Good,Over Speeding,2021-10-19,2021,10,18,Tuesday,Oct,0,0,0,Evening
ACC00405,Mehsana,Patan PS,2022-09-27 18:28:00,23.694207,72.636211,Industrial Road,District Road,Fatal,4,0,2,0,2,2,2,1,1,1,Rear-End,Speed Breaker,Unknown,Dawn/Dusk,Unknown,Unknown,2022-09-27,2022,9,18,Tuesday,Sep,3,3,8,Evening
ACC00406,Rajkot,Kalawad PS,2022-11-26 17:02:00,24.194199,72.169274,SH-41,Rural Road,Damage Only,1,0,0,0,0,0,0,0,0,0,Rear-End,Speed Breaker,Unknown,Night - No Street Light,Good,Unknown,2022-11-26,2022,11,17,Saturday,Nov,0,0,0,Afternoon
ACC00407,Rajkot,Bhaktinagar PS,2024-01-15 18:48:00,22.723124,71.097765,NH-48,National Highway,Damage Only,2,0,0,0,0,0,0,0,0,0,Head-On,Speed Breaker,Rainy,Daylight,Poor,Wrong Side Driving,2024-01-15,2024,1,18,Monday,Jan,0,0,0,Evening
ACC00408,Bhavnagar,Palitana PS,2021-06-23 17:38:00,22.808908,73.983247,SH-20,Urban Road,Minor,1,0,0,1,0,0,0,0,0,0,Hit & Run,Straight Road,Hazy,Night - No Street Light,Unknown,Mobile Phone Use,2021-06-23,2021,6,17,Wednesday,Jun,1,0,1,Afternoon
ACC00409,Gandhinagar,Sector 7 PS,2022-01-10 08:49:00,21.511253,69.165904,Industrial Road,District Road,Grievous,3,0,2,0,0,1,1,0,0,1,Side Impact,Pothole Area,Clear,Night - No Street Light,Unknown,Drunk Driving,2022-01-10,2022,1,8,Monday,Jan,2,0,5,Morning
ACC00410,Surat,Katargam PS,2022-05-06 19:37:00,22.439658,74.080949,SH-14,National Highway,Grievous,4,0,1,2,0,1,0,0,0,0,Head-On,Speed Breaker,Cloudy,Daylight,Unknown,Over Speeding,2022-05-06,2022,5,19,Friday,May,2,0,4,Evening
ACC00411,Junagadh,Keshod PS,2022-09-16 18:26:00,23.992878,73.032154,NH-53,Urban Road,Fatal,0,1,0,0,2,1,0,1,1,1,Side Impact,Curve,Rainy,Dawn/Dusk,Unknown,Over Speeding,2022-09-16,2022,9,18,Friday,Sep,3,4,3,Evening
ACC00412,Anand,Khambhat PS,2024-07-18 06:37:00,21.394032,71.464763,NH-27,State Highway,Grievous,2,0,3,2,0,2,1,0,1,0,Side Impact,Pothole Area,Clear,Night - Street Light On,Poor,No Seatbelt,2024-07-18,2024,7,6,Thursday,Jul,2,0,9,Morning
ACC00413,Mehsana,Visnagar PS,2022-05-19 21:20:00,22.215077,68.20001,Expressway,District Road,Damage Only,2,0,0,0,0,0,0,0,0,0,Rear-End,Straight Road,Hazy,Dawn/Dusk,Good,Over Speeding,2022-05-19,2022,5,21,Thursday,May,0,0,0,Evening
ACC00414,Anand,Petlad PS,2024-11-27 22:31:00,22.575405,72.189313,NH-27,State Highway,Grievous,4,0,2,2,0,0,1,0,0,0,Rollover,Unknown,Unknown,Dawn/Dusk,Good,No Helmet,2024-11-27,2024,11,22,Wednesday,Nov,2,0,5,Night
ACC00415,Mehsana,Visnagar PS,2022-01-31 14:00:00,20.190996,73.904812,SH-20,Urban Road,Minor,4,0,0,2,0,0,0,0,0,1,Rear-End,Speed Breaker,Unknown,Night - No Street Light,Moderate,Wrong Side Driving,2022-01-31,2022,1,14,Monday,Jan,1,0,3,Afternoon
ACC00416,Mehsana,Patan PS,2022-03-05 00:12:00,23.036806,69.84729,Airport Road,State Highway,Minor,2,0,0,3,0,0,0,0,0,0,Hit & Run,Curve,Unknown,Night - Street Light On,Good,Unknown,2022-03-05,2022,3,0,Saturday,Mar,1,0,3,Night
ACC00417,Gandhinagar,Dehgam PS,2022-04-12 16:46:00,20.982517,74.349294,Expressway,National Highway,Grievous,1,0,2,1,0,1,1,0,1,0,Single Vehicle,Junction/Intersection,Unknown,Dawn/Dusk,Good,No Seatbelt,2022-04-12,2022,4,16,Tuesday,Apr,2,0,6,Afternoon
ACC00418,Mehsana,Visnagar PS,2023-11-26 01:56:00,20.316037,71.454185,SH-20,District Road,Minor,1,0,0,1,0,0,0,0,0,0,Head-On,Junction/Intersection,Clear,Daylight,Moderate,No Seatbelt,2023-11-26,2023,11,1,Sunday,Nov,1,0,1,Night
ACC00419,Bharuch,Jhagadia PS,2021-05-09 20:40:00,22.307846,71.832944,City Road,Rural Road,Grievous,1,0,3,1,0,0,0,0,0,1,Side Impact,Curve,Clear,Dawn/Dusk,Moderate,No Helmet,2021-05-09,2021,5,20,Sunday,May,2,0,5,Evening
ACC00420,Mehsana,Patan PS,2021-09-13 02:03:00,21.836018,72.468191,NH-8,District Road,Minor,4,0,0,1,0,0,0,0,0,0,Rear-End,Flyover,Cloudy,Daylight,Poor,Unknown,2021-09-13,2021,9,2,Monday,Sep,1,0,1,Night
ACC00421,Junagadh,Junagadh City PS,2022-08-27 12:25:00,23.559031,71.877328,City Road,National Highway,Minor,1,0,0,2,0,0,2,0,0,0,Rollover,Unknown,Cloudy,Dawn/Dusk,Unknown,Unknown,2022-08-27,2022,8,12,Saturday,Aug,1,0,4,Afternoon
ACC00422,Mehsana,Patan PS,2022-11-04 18:12:00,20.156527,71.835185,SH-41,National Highway,Damage Only,4,0,0,0,0,0,0,0,0,0,Rear-End,Curve,Unknown,Night - No Street Light,Poor,No Seatbelt,2022-11-04,2022,11,18,Friday,Nov,0,0,0,Evening
ACC00423,Bhavnagar,Palitana PS,2022-01-16 07:08:00,20.378259,70.845843,City Road,National Highway,Minor,3,0,0,3,0,0,1,0,0,0,Pedestrian Hit,Speed Breaker,Hazy,Night - Street Light On,Moderate,Overloading,2022-01-16,2022,1,7,Sunday,Jan,1,0,4,Morning
ACC00424,Bharuch,Bharuch City PS,2023-11-27 18:42:00,20.363661,73.361602,SH-41,National Highway,Damage Only,2,0,0,0,0,0,0,0,0,0,Head-On,Curve,Rainy,Night - Street Light On,Good,No Helmet,2023-11-27,2023,11,18,Monday,Nov,0,0,0,Evening
ACC00425,Mehsana,Kadi PS,2024-05-13 22:21:00,22.704046,69.987679,SH-20,District Road,Minor,2,0,0,3,0,0,0,0,0,1,Rear-End,Flyover,Clear,Dawn/Dusk,Moderate,Over Speeding,2024-05-13,2024,5,22,Monday,May,1,0,4,Night
ACC00426,Bhavnagar,Sihor PS,2022-05-05 15:47:00,23.847402,70.468244,Ring Road,National Highway,Minor,1,0,0,3,0,0,0,0,0,0,Rear-End,Straight Road,Foggy,Daylight,Good,No Helmet,2022-05-05,2022,5,15,Thursday,May,1,0,3,Afternoon
ACC00427,Gandhinagar,Kalol PS,2022-02-03 20:37:00,21.755582,69.354474,SH-14,State Highway,Damage Only,0,0,0,0,0,0,0,0,0,0,Rear-End,Junction/Intersection,Unknown,Night - Street Light On,Poor,Unknown,2022-02-03,2022,2,20,Thursday,Feb,0,0,0,Evening
ACC00428,Vadodara,Fatehgunj PS,2021-02-14 05:53:00,20.565475,68.964634,City Road,State Highway,Grievous,3,0,3,1,0,2,0,0,0,1,Pedestrian Hit,Junction/Intersection,Rainy,Night - No Street Light,Unknown,Wrong Side Driving,2021-02-14,2021,2,5,Sunday,Feb,2,0,7,Night
ACC00429,Ahmedabad,Maninagar PS,2021-09-25 06:12:00,23.294028,70.806103,City Road,National Highway,Minor,3,0,0,1,0,0,0,0,0,1,Rear-End,Flyover,Hazy,Night - Street Light On,Poor,Signal Jumping,2021-09-25,2021,9,6,Saturday,Sep,1,0,2,Morning
ACC00430,Vadodara,Gotri PS,2024-04-11 15:13:00,23.70946,71.973785,NH-53,District Road,Fatal,4,0,2,1,1,1,1,1,1,1,Rollover,Pothole Area,Hazy,Night - No Street Light,Unknown,Unknown,2024-04-11,2024,4,15,Thursday,Apr,3,2,7,Afternoon
ACC00431,Bhavnagar,Bhavnagar City PS,2022-03-01 07:57:00,24.070574,70.027794,Ring Road,Urban Road,Minor,1,0,0,2,0,0,1,0,0,1,Rollover,Flyover,Foggy,Night - No Street Light,Good,Signal Jumping,2022-03-01,2022,3,7,Tuesday,Mar,1,0,4,Morning
ACC00432,Rajkot,Bhaktinagar PS,2021-03-26 14:32:00,22.060071,70.676402,NH-8,District Road,Minor,3,0,0,3,0,0,0,0,0,1,Hit & Run,Bridge,Clear,Night - Street Light On,Unknown,Wrong Side Driving,2021-03-26,2021,3,14,Friday,Mar,1,0,4,Afternoon
ACC00433,Ahmedabad,Chandkheda PS,2023-10-25 16:34:00,23.715017,68.719977,NH-27,State Highway,Minor,3,0,0,2,0,0,1,0,0,0,Side Impact,Unknown,Rainy,Night - No Street Light,Moderate,Unknown,2023-10-25,2023,10,16,Wednesday,Oct,1,0,3,Afternoon
ACC00434,Rajkot,Bhaktinagar PS,2021-10-10 22:47:00,21.301223,69.875625,SH-20,National Highway,Grievous,2,0,1,1,0,2,0,0,1,0,Pedestrian Hit,Bridge,Hazy,Daylight,Unknown,Unknown,2021-10-10,2021,10,22,Sunday,Oct,2,0,5,Night
ACC00435,Rajkot,Bhaktinagar PS,2024-04-17 17:48:00,23.846229,68.641018,SH-41,Urban Road,Damage Only,1,0,0,0,0,0,0,0,0,0,Rear-End,Pothole Area,Cloudy,Night - Street Light On,Unknown,Overloading,2024-04-17,2024,4,17,Wednesday,Apr,0,0,0,Afternoon
ACC00436,Bharuch,Ankleshwar PS,2024-03-28 04:19:00,20.144533,73.356083,SH-20,State Highway,Grievous,1,0,1,2,0,0,0,0,1,1,Rear-End,Pothole Area,Cloudy,Night - No Street Light,Poor,Unknown,2024-03-28,2024,3,4,Thursday,Mar,2,0,5,Night
ACC00437,Anand,Vallabh Vidyanagar PS,2023-03-12 02:34:00,22.283977,74.16021,City Road,District Road,Minor,4,0,0,1,0,0,0,0,0,0,Side Impact,Straight Road,Unknown,Night - Street Light On,Good,Unknown,2023-03-12,2023,3,2,Sunday,Mar,1,0,1,Night
ACC00438,Ahmedabad,Bodakdev PS,2022-08-05 06:14:00,22.51222,70.422509,NH-48,National Highway,Grievous,4,0,3,1,0,1,0,0,0,0,Rear-End,Bridge,Cloudy,Night - Street Light On,Good,Signal Jumping,2022-08-05,2022,8,6,Friday,Aug,2,0,5,Morning
ACC00439,Rajkot,Kalavad Road PS,2023-06-05 22:42:00,22.877063,71.801199,Airport Road,Urban Road,Minor,1,0,0,2,0,0,2,0,0,0,Single Vehicle,Junction/Intersection,Rainy,Daylight,Moderate,Overloading,2023-06-05,2023,6,22,Monday,Jun,1,0,4,Night
ACC00440,Junagadh,Veraval PS,2024-03-11 15:29:00,20.27979,72.171685,Bypass Road,National Highway,Grievous,2,0,3,0,0,1,2,0,1,1,Side Impact,Pothole Area,Foggy,Dawn/Dusk,Moderate,No Seatbelt,2024-03-11,2024,3,15,Monday,Mar,2,0,8,Afternoon