Accident_ID,District,Police_Station,Accident_DateTime,Latitude,Longitude,Road_Name,Road_Classification,Severity,No_of_Vehicles,Drivers_Killed,Drivers_Grievous_Injury,Drivers_Minor_Injury,Passengers_Killed,Passengers_Grievous_Injury,Passengers_Minor_Injury,Pedestrians_Killed,Pedestrians_Grievous_Injury,Pedestrians_Minor_Injury,Collision_Type,Collision_Feature,Weather_Condition,Light_Condition,Visibility,Traffic_Violation,Date,Year,Month,Hour,DayOfWeek,Month_Name,Severity_Score,Total_Killed,Total_Injured,Time_Category
ACC00530,Rajkot,Rajkot Central PS,2021-07-11 00:27:00,,69.064206,Industrial Road,District Road,Minor,4,0,0,3,0,0,2,0,0,1,Single Vehicle,Straight Road,Hazy,Dawn/Dusk,Good,Signal Jumping,2021-07-11,2021,7,0,Sunday,Jul,1,0,6,Night
ACC00531,Vadodara,Fatehgunj PS,2024-08-29 07:19:00,23.966101,73.184714,Ring Road,Urban Road,Damage Only,1,0,0,0,0,0,0,0,0,0,Pedestrian Hit,Straight Road,Foggy,Daylight,Moderate,Unknown,2024-08-29,2024,8,7,Thursday,Aug,0,0,0,Morning
ACC00532,Bhavnagar,Bhavnagar City PS,2021-08-16 14:59:00,20.592553,73.73601,NH-27,Urban Road,Minor,1,0,0,2,0,0,0,0,0,1,Head-On,Junction/Intersection,Rainy,Dawn/Dusk,Good,Overloading,2021-08-16,2021,8,14,Monday,Aug,1,0,3,Afternoon
ACC00533,Ahmedabad,Maninagar PS,2024-11-08 13:24:00,23.014338,69.114953,SH-14,State Highway,Minor,3,0,0,2,0,0,2,0,0,0,Head-On,Pothole Area,Hazy,Daylight,Good,No Helmet,2024-11-08,2024,11,13,Friday,Nov,1,0,4,Afternoon
ACC00534,Vadodara,Gotri PS,2022-06-06 03:12:00,22.565389,72.894054,SH-6,State Highway,Fatal,1,2,1,1,2,0,1,0,1,0,Pedestrian Hit,Curve,Clear,Night - No Street Light,Moderate,Wrong Side Driving,2022-06-06,2022,6,3,Monday,Jun,3,4,4,Night
ACC00535,Junagadh,Veraval PS,2023-08-15 23:51:00,22.45822,69.316242,NH-53,State Highway,Grievous,3,0,1,0,0,1,2,0,1,1,Rear-End,Pothole Area,Foggy,Dawn/Dusk,Good,Unknown,2023-08-15,2023,8,23,Tuesday,Aug,2,0,6,Night
ACC00536,Anand,Petlad PS,2022-07-11 10:39:00,21.862011,70.323368,City Road,State Highway,Grievous,3,0,1,1,0,0,0,0,1,1,Pedestrian Hit,Curve,Clear,Night - No Street Light,Unknown,Mobile Phone Use,2022-07-11,2022,7,10,Monday,Jul,2,0,4,Morning
ACC00537,Vadodara,Waghodiya PS,2022-05-18 02:13:00,21.811036,68.870513,SH-20,National Highway,Fatal,3,0,1,1,2,0,2,0,0,0,Single Vehicle,Unknown,Foggy,Night - Street Light On,Unknown,Unknown,2022-05-18,2022,5,2,Wednesday,May,3,2,4,Night
ACC00538,Junagadh,Veraval PS,2024-05-29 21:04:00,23.072843,70.841795,SH-41,Rural Road,Minor,4,0,0,1,0,0,0,0,0,1,Side Impact,Straight Road,Cloudy,Dawn/Dusk,Good,Mobile Phone Use,2024-05-29,2024,5,21,Wednesday,May,1,0,2,Evening
ACC00539,Vadodara,Gotri PS,2022-11-01 18:24:00,20.197836,,NH-8,State Highway,Minor,1,0,0,3,0,0,0,0,0,0,Pedestrian Hit,Straight Road,Cloudy,Night - No Street Light,Moderate,No Seatbelt,2022-11-01,2022,11,18,Tuesday,Nov,1,0,3,Evening
ACC00540,Bharuch,Bharuch City PS,2021-05-23 15:06:00,22.009363,70.098295,SH-20,State Highway,Damage Only,3,0,0,0,0,0,0,0,0,0,Hit & Run,Flyover,Foggy,Dawn/Dusk,Good,No Seatbelt,2021-05-23,2021,5,15,Sunday,May,0,0,0,Afternoon
ACC00541,Mehsana,Kadi PS,2024-08-05 03:53:00,22.942694,68.401356,NH-48,Urban Road,Fatal,1,0,2,0,2,1,0,1,0,0,Rear-End,Junction/Intersection,Unknown,Dawn/Dusk,Moderate,Signal Jumping,2024-08-05,2024,8,3,Monday,Aug,3,3,3,Night
ACC00542,Surat,Varachha PS,2021-06-03 08:21:00,23.741488,72.501588,NH-53,State Highway,Damage Only,4,0,0,0,0,0,0,0,0,0,Rollover,Curve,Foggy,Night - Street Light On,Unknown,Unknown,2021-06-03,2021,6,8,Thursday,Jun,0,0,0,Morning
ACC00543,Ahmedabad,Bapunagar PS,2023-12-17 07:36:00,22.354478,72.967657,Bypass Road,Rural Road,Minor,2,0,0,3,0,0,2,0,0,0,Rear-End,Flyover,Foggy,Daylight,Poor,Unknown,2023-12-17,2023,12,7,Sunday,Dec,1,0,5,Morning
ACC00544,Ahmedabad,Naranpura PS,2023-10-10 01:13:00,,73.256622,SH-6,District Road,Grievous,2,0,1,2,0,0,0,0,1,1,Hit & Run,Curve,Hazy,Night - No Street Light,Poor,Overloading,2023-10-10,2023,10,1,Tuesday,Oct,2,0,5,Night
ACC00545,Mehsana,Patan PS,2023-11-18 06:49:00,20.415741,72.423476,SH-41,Rural Road,Grievous,1,0,1,1,0,0,1,0,1,1,Rollover,Curve,Cloudy,Daylight,Good,Wrong Side Driving,2023-11-18,2023,11,6,Saturday,Nov,2,0,5,Morning
ACC00546,Bharuch,Jhagadia PS,2021-08-31 17:05:00,21.075504,70.814345,SH-20,Rural Road,Minor,2,0,0,2,0,0,0,0,0,1,Head-On,Junction/Intersection,Clear,Daylight,Unknown,No Seatbelt,2021-08-31,2021,8,17,Tuesday,Aug,1,0,3,Afternoon
ACC00547,Vadodara,Gotri PS,2022-07-20 16:38:00,22.094401,72.171973,NH-27,District Road,Minor,1,0,0,2,0,0,0,0,0,1,Rear-End,Straight Road,Hazy,Night - No Street Light,Moderate,Drunk Driving,2022-07-20,2022,7,16,Wednesday,Jul,1,0,3,Afternoon
ACC00548,Anand,Borsad PS,2021-07-27 07:46:00,23.281745,69.177483,SH-6,State Highway,Grievous,2,0,3,2,0,1,2,0,0,1,Side Impact,Pothole Area,Hazy,Night - No Street Light,Good,Drunk Driving,2021-07-27,2021,7,7,Tuesday,Jul,2,0,9,Morning
ACC00549,Vadodara,Waghodiya PS,2024-10-27 02:10:00,24.239398,68.180229,Bypass Road,State Highway,Grievous,1,0,2,2,0,2,1,0,1,0,Hit & Run,Curve,Foggy,Daylight,Moderate,Unknown,2024-10-27,2024,10,2,Sunday,Oct,2,0,8,Night
ACC00550,Rajkot,Kalawad PS,2021-08-13 01:52:00,,69.931149,SH-6,Urban Road,Grievous,3,0,2,1,0,1,2,0,1,1,Rollover,Flyover,Rainy,Daylight,Good,Mobile Phone Use,2021-08-13,2021,8,1,Friday,Aug,2,0,8,Night
ACC00551,Gandhinagar,Mansa PS,2023-07-29 00:52:00,23.366723,72.979516,SH-41,National Highway,Damage Only,1,0,0,0,0,0,0,0,0,0,Pedestrian Hit,Speed Breaker,Cloudy,Daylight,Poor,Unknown,2023-07-29,2023,7,0,Saturday,Jul,0,0,0,Night
ACC00552,Vadodara,Manjalpur PS,2022-03-28 21:09:00,20.242162,72.483578,Ring Road,Urban Road,Damage Only,4,0,0,0,0,0,0,0,0,0,Side Impact,Straight Road,Rainy,Dawn/Dusk,Good,Mobile Phone Use,2022-03-28,2022,3,21,Monday,Mar,0,0,0,Evening
ACC00553,Junagadh,Keshod PS,2022-06-28 21:22:00,21.898721,74.361845,SH-14,Rural Road,Grievous,4,0,2,2,0,0,1,0,1,0,Rear-End,Unknown,Hazy,Night - No Street Light,Good,No Seatbelt,2022-06-28,2022,6,21,Tuesday,Jun,2,0,6,Evening
ACC00554,Vadodara,Manjalpur PS,2024-10-26 04:33:00,22.969458,70.012967,SH-14,State Highway,Minor,1,0,0,1,0,0,1,0,0,1,Head-On,Straight Road,Cloudy,Daylight,Moderate,Mobile Phone Use,2024-10-26,2024,10,4,Saturday,Oct,1,0,3,Night
ACC00555,Surat,Adajan PS,2022-12-23 21:53:00,,70.306375,SH-14,Urban Road,Grievous,2,0,1,2,0,2,1,0,1,0,Pedestrian Hit,Pothole Area,Hazy,Night - Street Light On,Good,Mobile Phone Use,2022-12-23,2022,12,21,Friday,Dec,2,0,7,Evening
ACC00556,Rajkot,Rajkot Central PS,2023-08-28 11:15:00,23.030405,74.191513,NH-27,Urban Road,Grievous,3,0,0,2,0,0,2,0,0,1,Side Impact,Speed Breaker,Foggy,Night - Street Light On,Unknown,Unknown,2023-08-28,2023,8,11,Monday,Aug,2,0,5,Morning
ACC00557,Anand,Petlad PS,2022-02-13 09:19:00,22.706659,71.538733,Ring Road,State Highway,Minor,3,0,0,2,0,0,1,0,0,1,Pedestrian Hit,Bridge,Clear,Night - Street Light On,Unknown,No Helmet,2022-02-13,2022,2,9,Sunday,Feb,1,0,4,Morning
ACC00558,Mehsana,Kadi PS,2023-04-21 14:01:00,20.221542,68.657103,NH-53,District Road,Minor,3,0,0,1,0,0,0,0,0,0,Rollover,Flyover,Rainy,Night - No Street Light,Moderate,Unknown,2023-04-21,2023,4,14,Friday,Apr,1,0,1,Afternoon
ACC00559,Anand,Anand City PS,2023-08-06 16:29:00,20.489432,74.312893,NH-27,National Highway,Damage Only,1,0,0,0,0,0,0,0,0,0,Side Impact,Flyover,Foggy,Dawn/Dusk,Poor,Over Speeding,2023-08-06,2023,8,16,Sunday,Aug,0,0,0,Afternoon
ACC00560,Bhavnagar,Mahuva PS,2021-04-19 22:13:00,22.685427,68.959337,City Road,State Highway,Fatal,2,1,2,0,0,2,0,0,0,0,Single Vehicle,Junction/Intersection,Unknown,Night - No Street Light,Good,Overloading,2021-04-19,2021,4,22,Monday,Apr,3,1,4,Night
ACC00561,Rajkot,Rajkot Central PS,2023-08-29 00:53:00,21.897284,69.98952,Bypass Road,Urban Road,Damage Only,1,0,0,0,0,0,0,0,0,0,Rear-End,Flyover,Hazy,Night - No Street Light,Unknown,Unknown,2023-08-29,2023,8,0,Tuesday,Aug,0,0,0,Night
ACC00562,Anand,Vallabh Vidyanagar PS,2024-07-26 00:11:00,23.525153,71.322544,Expressway,Urban Road,Damage Only,4,0,0,0,0,0,0,0,0,0,Rollover,Bridge,Foggy,Night - No Street Light,Good,Unknown,2024-07-26,2024,7,0,Friday,Jul,0,0,0,Night
ACC00563,Bharuch,Jhagadia PS,2023-03-13 12:44:00,22.234233,69.033449,SH-14,Urban Road,Minor,4,0,0,1,0,0,1,0,0,0,Hit & Run,Bridge,Clear,Night - No Street Light,Good,Unknown,2023-03-13,2023,3,12,Monday,Mar,1,0,2,Afternoon
ACC00564,Mehsana,Kadi PS,2022-07-22 00:10:00,24.036862,70.297655,Expressway,National Highway,Minor,3,0,0,2,0,0,2,0,0,0,Rollover,Straight Road,Rainy,Night - Street Light On,Poor,Unknown,2022-07-22,2022,7,0,Friday,Jul,1,0,4,Night
ACC00565,Gandhinagar,Mansa PS,2023-03-18 02:58:00,22.325225,71.916803,NH-53,State Highway,Grievous,3,0,3,2,0,0,1,0,0,0,Rollover,Speed Breaker,Unknown,Night - No Street Light,Moderate,No Helmet,2023-03-18,2023,3,2,Saturday,Mar,2,0,6,Night
ACC00566,Vadodara,Fatehgunj PS,2021-07-17 21:06:00,23.224882,69.558668,NH-8,Urban Road,Minor,4,0,0,1,0,0,0,0,0,1,Pedestrian Hit,Flyover,Rainy,Daylight,Moderate,No Seatbelt,2021-07-17,2021,7,21,Saturday,Jul,1,0,2,Evening
ACC00567,Ahmedabad,Naranpura PS,2021-05-30 14:48:00,23.003953,69.196624,NH-27,National Highway,Grievous,4,0,3,1,0,0,0,0,0,0,Single Vehicle,Curve,Unknown,Night - Street Light On,Moderate,Mobile Phone Use,2021-05-30,2021,5,14,Sunday,May,2,0,4,Afternoon
ACC00568,Anand,Petlad PS,2022-01-29 02:37:00,24.515229,68.309407,NH-53,Urban Road,Fatal,4,0,1,1,0,2,2,1,0,0,Head-On,Bridge,Hazy,Daylight,Poor,Signal Jumping,2022-01-29,2022,1,2,Saturday,Jan,3,1,6,Night
ACC00569,Mehsana,Kadi PS,2024-07-04 12:55:00,20.459462,69.97883,NH-27,Urban Road,Minor,0,0,0,2,0,0,1,0,0,1,Hit & Run,Speed Breaker,Hazy,Night - No Street Light,Good,Wrong Side Driving,2024-07-04,2024,7,12,Thursday,Jul,1,0,4,Afternoon
ACC00570,Ahmedabad,Maninagar PS,2022-08-13 02:34:00,24.024698,71.250296,Ring Road,District Road,Minor,1,0,0,1,0,0,0,0,0,1,Rollover,Pothole Area,Clear,Dawn/Dusk,Poor,Unknown,2022-08-13,2022,8,2,Saturday,Aug,1,0,2,Night
ACC00571,Gandhinagar,Sector 7 PS,2022-11-17 01:08:00,23.857107,72.871272,NH-48,Urban Road,Grievous,4,0,3,2,0,0,0,0,0,1,Rear-End,Flyover,Hazy,Daylight,Poor,Drunk Driving,2022-11-17,2022,11,1,Thursday,Nov,2,0,6,Night
ACC00572,Gandhinagar,Sector 21 PS,2021-08-02 01:31:00,23.09155,70.011536,SH-41,Urban Road,Minor,4,0,0,3,0,0,2,0,0,0,Rear-End,Unknown,Clear,Daylight,Moderate,Unknown,2021-08-02,2021,8,1,Monday,Aug,1,0,5,Night
ACC00573,Junagadh,Porbandar PS,2021-04-17 12:49:00,20.676092,71.562133,NH-27,State Highway,Damage Only,0,0,0,0,0,0,0,0,0,0,Hit & Run,Speed Breaker,Foggy,Night - No Street Light,Moderate,No Helmet,2021-04-17,2021,4,12,Saturday,Apr,0,0,0,Afternoon
ACC00574,Surat,Katargam PS,2022-04-21 02:37:00,,72.841185,NH-8,Urban Road,Minor,1,0,0,1,0,0,1,0,0,0,Pedestrian Hit,Straight Road,Clear,Night - Street Light On,Good,Drunk Driving,2022-04-21,2022,4,2,Thursday,Apr,1,0,2,Night
ACC00575,Gandhinagar,Sector 21 PS,2022-10-06 11:38:00,21.223524,71.91858,Bypass Road,Urban Road,Damage Only,3,0,0,0,0,0,0,0,0,0,Single Vehicle,Straight Road,Clear,Night - No Street Light,Moderate,Overloading,2022-10-06,2022,10,11,Thursday,Oct,0,0,0,Morning
ACC00576,Rajkot,Kalawad PS,2024-12-31 09:23:00,21.446344,71.419118,SH-14,Urban Road,Damage Only,4,0,0,0,0,0,0,0,0,0,Side Impact,Speed Breaker,Clear,Daylight,Poor,No Seatbelt,2024-12-31,2024,12,9,Tuesday,Dec,0,0,0,Morning
ACC00577,Gandhinagar,Sector 21 PS,2022-02-21 04:53:00,21.160465,69.427849,SH-20,Urban Road,Minor,4,0,0,1,0,0,0,0,0,1,Single Vehicle,Curve,Clear,Night - Street Light On,Unknown,Unknown,2022-02-21,2022,2,4,Monday,Feb,1,0,2,Night
ACC00578,Surat,Varachha PS,2022-07-24 18:24:00,24.539444,73.483818,Ring Road,District Road,Minor,2,0,0,1,0,0,1,0,0,0,Hit & Run,Unknown,Cloudy,Dawn/Dusk,Unknown,Over Speeding,2022-07-24,2022,7,18,Sunday,Jul,1,0,2,Evening
ACC00579,Anand,Petlad PS,2021-04-18 21:19:00,23.609783,73.83334,NH-8,National Highway,Damage Only,4,0,0,0,0,0,0,0,0,0,Side Impact,Junction/Intersection,Hazy,Night - Street Light On,Good,No Helmet,2021-04-18,2021,4,21,Sunday,Apr,0,0,0,Evening
ACC00580,Anand,Anand City PS,2021-08-12 17:24:00,24.389374,74.342614,Airport Road,Urban Road,Fatal,4,2,1,0,0,1,2,0,0,0,Hit & Run,Pothole Area,Hazy,Night - No Street Light,Moderate,No Seatbelt,2021-08-12,2021,8,17,Thursday,Aug,3,2,4,Afternoon
ACC00581,Junagadh,Veraval PS,2022-11-23 18:25:00,21.361641,69.678234,City Road,Urban Road,Fatal,2,1,0,1,1,0,1,0,1,1,Pedestrian Hit,Straight Road,Clear,Night - No Street Light,Poor,Mobile Phone Use,2022-11-23,2022,11,18,Wednesday,Nov,3,2,4,Evening
ACC00582,Junagadh,Keshod PS,2023-04-17 01:37:00,21.37165,70.078367,NH-27,State Highway,Minor,2,0,0,3,0,0,0,0,0,0,Hit & Run,Flyover,Foggy,Night - No Street Light,Unknown,Signal Jumping,2023-04-17,2023,4,1,Monday,Apr,1,0,3,Night
ACC00583,Bhavnagar,Bhavnagar City PS,2022-04-22 03:41:00,23.24843,71.753312,NH-48,National Highway,Damage Only,0,0,0,0,0,0,0,0,0,0,Rollover,Straight Road,Unknown,Night - No Street Light,Poor,Over Speeding,2022-04-22,2022,4,3,Friday,Apr,0,0,0,Night
ACC00584,Junagadh,Junagadh City PS,2024-05-14 07:22:00,22.431915,68.587936,SH-6,Urban Road,Minor,4,0,0,2,0,0,0,0,0,0,Side Impact,Flyover,Unknown,Dawn/Dusk,Good,Unknown,2024-05-14,2024,5,7,Tuesday,May,1,0,2,Morning
ACC00585,Bharuch,Amod PS,2023-01-08 10:26:00,21.823692,69.952597,NH-48,National Highway,Grievous,2,0,3,1,0,2,2,0,0,1,Rear-End,Junction/Intersection,Rainy,Daylight,Good,Unknown,2023-01-08,2023,1,10,Sunday,Jan,2,0,9,Morning
ACC00586,Anand,Petlad PS,2021-03-08 21:46:00,23.608014,74.11763,SH-6,District Road,Damage Only,1,0,0,0,0,0,0,0,0,0,Rollover,Speed Breaker,Unknown,Dawn/Dusk,Good,Unknown,2021-03-08,2021,3,21,Monday,Mar,0,0,0,Evening
ACC00587,Bhavnagar,Palitana PS,2024-09-12 16:33:00,21.338241,69.946311,SH-6,District Road,Grievous,1,0,1,2,0,2,1,0,1,1,Side Impact,Flyover,Foggy,Night - Street Light On,Unknown,No Helmet,2024-09-12,2024,9,16,Thursday,Sep,2,0,8,Afternoon
ACC00588,Ahmedabad,Chandkheda PS,2024-02-22 16:04:00,23.105318,70.928499,Ring Road,District Road,Minor,2,0,0,3,0,0,1,0,0,1,Rear-End,Flyover,Rainy,Night - Street Light On,Unknown,Unknown,2024-02-22,2024,2,16,Thursday,Feb,1,0,5,Afternoon
ACC00589,Bharuch,Jhagadia PS,2021-08-30 02:26:00,24.62294,72.085568,NH-8,Urban Road,Fatal,3,2,0,0,2,1,0,1,0,0,Rear-End,Bridge,Clear,Night - Street Light On,Good,No Seatbelt,2021-08-30,2021,8,2,Monday,Aug,3,5,1,Night
ACC00590,Ahmedabad,Maninagar PS,2023-11-21 16:58:00,22.04285,72.490651,SH-6,Urban Road,Minor,3,0,0,2,0,0,1,0,0,1,Single Vehicle,Junction/Intersection,Foggy,Daylight,Good,Drunk Driving,2023-11-21,2023,11,16,Tuesday,Nov,1,0,4,Afternoon
ACC00591,Anand,Khambhat PS,2023-09-05 22:08:00,23.429054,73.266668,Airport Road,Rural Road,Grievous,3,0,1,1,0,2,2,0,0,1,Head-On,Straight Road,Hazy,Night - No Street Light,Unknown,No Seatbelt,2023-09-05,2023,9,22,Tuesday,Sep,2,0,7,Night
ACC00592,Rajkot,Kalavad Road PS,2023-10-08 10:03:00,24.227587,73.417612,Ring Road,District Road,Damage Only,4,0,0,0,0,0,0,0,0,0,Side Impact,Junction/Intersection,Rainy,Night - Street Light On,Good,Wrong Side Driving,2023-10-08,2023,10,10,Sunday,Oct,0,0,0,Morning
ACC00593,Junagadh,Veraval PS,2024-03-23 19:20:00,21.410038,69.825246,Bypass Road,National Highway,Damage Only,3,0,0,0,0,0,0,0,0,0,Rear-End,Junction/Intersection,Foggy,Daylight,Moderate,Unknown,2024-03-23,2024,3,19,Saturday,Mar,0,0,0,Evening
ACC00594,Vadodara,Sayajigunj PS,2022-02-28 17:53:00,20.876721,68.350394,Airport Road,Urban Road,Fatal,3,2,0,0,1,0,1,1,1,0,Rollover,Straight Road,Cloudy,Daylight,Poor,Wrong Side Driving,2022-02-28,2022,2,17,Monday,Feb,3,4,2,Afternoon
ACC00595,Anand,Borsad PS,2022-06-23 02:55:00,21.380885,74.201169,NH-8,State Highway,Minor,3,0,0,2,0,0,1,0,0,0,Head-On,Curve,Unknown,Daylight,Poor,Signal Jumping,2022-06-23,2022,6,2,Thursday,Jun,1,0,3,Night
ACC00596,Bharuch,Bharuch City PS,2023-06-07 03:59:00,22.497965,71.616473,SH-41,National Highway,Minor,4,0,0,1,0,0,2,0,0,0,Single Vehicle,Unknown,Unknown,Daylight,Moderate,Signal Jumping,2023-06-07,2023,6,3,Wednesday,Jun,1,0,3,Night
ACC00597,Gandhinagar,Kalol PS,2021-11-07 15:52:00,22.384941,72.099068,NH-27,State Highway,Minor,4,0,0,3,0,0,2,0,0,0,Rollover,Pothole Area,Rainy,Daylight,Unknown,Drunk Driving,2021-11-07,2021,11,15,Sunday,Nov,1,0,5,Afternoon
ACC00598,Vadodara,Sayajigunj PS,2023-05-07 22:16:00,23.002721,70.296834,Airport Road,National Highway,Damage Only,4,0,0,0,0,0,0,0,0,0,Single Vehicle,Junction/Intersection,Rainy,Night - No Street Light,Unknown,Overloading,2023-05-07,2023,5,22,Sunday,May,0,0,0,Night
ACC00599,Bhavnagar,Talaja PS,2024-01-18 15:18:00,20.61689,72.856255,SH-14,Rural Road,Damage Only,4,0,0,0,0,0,0,0,0,0,Hit & Run,Junction/Intersection,Rainy,Dawn/Dusk,Good,Signal Jumping,2024-01-18,2024,1,15,Thursday,Jan,0,0,0,Afternoon
ACC00600,Bharuch,Bharuch City PS,2022-12-13 22:25:00,23.658936,73.169744,Bypass Road,Urban Road,Fatal,2,1,2,1,0,1,1,1,1,1,Rollover,Curve,Clear,Night - No Street Light,Poor,Unknown,2022-12-13,2022,12,22,Tuesday,Dec,3,2,7,Night
ACC00601,Anand,Borsad PS,2022-06-18 01:17:00,21.107162,68.38746,Bypass Road,Urban Road,Fatal,3,0,1,0,2,2,0,0,1,1,Hit & Run,Curve,Hazy,Night - Street Light On,Good,Unknown,2022-06-18,2022,6,1,Saturday,Jun,3,2,5,Night
ACC00602,Junagadh,Junagadh City PS,2024-09-03 01:33:00,22.563174,73.380339,Ring Road,National Highway,Grievous,2,0,3,2,0,0,0,0,0,0,Pedestrian Hit,Junction/Intersection,Rainy,Night - No Street Light,Poor,No Seatbelt,2024-09-03,2024,9,1,Tuesday,Sep,2,0,5,Night
ACC00603,Junagadh,Junagadh City PS,2023-10-25 12:50:00,20.821949,69.549033,NH-8,District Road,Minor,4,0,0,1,0,0,2,0,0,1,Single Vehicle,Junction/Intersection,Unknown,Daylight,Unknown,Unknown,2023-10-25,2023,10,12,Wednesday,Oct,1,0,4,Afternoon
ACC00604,Ahmedabad,Naranpura PS,2021-06-01 16:46:00,23.470139,72.778707,Airport Road,Urban Road,Minor,3,0,0,2,0,0,1,0,0,0,Rollover,Straight Road,Unknown,Dawn/Dusk,Moderate,Unknown,2021-06-01,2021,6,16,Tuesday,Jun,1,0,3,Afternoon
ACC00605,Gandhinagar,Mansa PS,2023-07-29 06:06:00,23.117833,69.934804,NH-27,State Highway,Damage Only,2,0,0,0,0,0,0,0,0,0,Rear-End,Speed Breaker,Foggy,Dawn/Dusk,Poor,Unknown,2023-07-29,2023,7,6,Saturday,Jul,0,0,0,Morning
ACC00606,Anand,Anand City PS,2023-10-15 23:25:00,23.608422,70.949303,Industrial Road,State Highway,Minor,1,0,0,3,0,0,1,0,0,1,Head-On,Curve,Cloudy,Night - No Street Light,Unknown,Unknown,2023-10-15,2023,10,23,Sunday,Oct,1,0,5,Night
ACC00607,Vadodara,Sayajigunj PS,2021-07-15 17:10:00,24.433629,68.628499,Ring Road,National Highway,Minor,3,0,0,2,0,0,1,0,0,1,Rollover,Speed Breaker,Unknown,Night - Street Light On,Good,Overloading,2021-07-15,2021,7,17,Thursday,Jul,1,0,4,Afternoon
ACC00608,Vadodara,Sayajigunj PS,2022-10-21 22:36:00,24.108568,69.418112,Airport Road,Urban Road,Grievous,4,0,3,2,0,2,2,0,0,0,Pedestrian Hit,Bridge,Foggy,Night - Street Light On,Poor,Overloading,2022-10-21,2022,10,22,Friday,Oct,2,0,9,Night
ACC00609,Anand,Anand City PS,2023-02-09 04:48:00,,68.865309,SH-6,National Highway,Minor,4,0,0,1,0,0,2,0,0,1,Hit & Run,Straight Road,Clear,Dawn/Dusk,Unknown,Signal Jumping,2023-02-09,2023,2,4,Thursday,Feb,1,0,4,Night
ACC00610,Anand,Anand City PS,2022-08-31 03:27:00,23.411738,69.807978,SH-20,Urban Road,Grievous,2,0,3,2,0,2,1,0,1,1,Rollover,Speed Breaker,Unknown,Night - Street Light On,Moderate,Mobile Phone Use,2022-08-31,2022,8,3,Wednesday,Aug,2,0,10,Night
ACC00611,Mehsana,Unjha PS,2022-11-08 23:46:00,24.368072,72.605013,Bypass Road,Rural Road,Grievous,3,0,1,2,0,2,0,0,1,0,Head-On,Curve,Rainy,Dawn/Dusk,Good,Over Speeding,2022-11-08,2022,11,23,Tuesday,Nov,2,0,6,Night
ACC00612,Bharuch,Bharuch City PS,2021-05-06 19:29:00,20.407151,73.665062,SH-20,State Highway,Damage Only,3,0,0,0,0,0,0,0,0,0,Single Vehicle,Unknown,Rainy,Night - No Street Light,Poor,No Seatbelt,2021-05-06,2021,5,19,Thursday,May,0,0,0,Evening
ACC00613,Bharuch,Amod PS,2023-04-06 08:35:00,23.133091,69.060257,Expressway,State Highway,Minor,4,0,0,2,0,0,2,0,0,0,Rear-End,Junction/Intersection,Hazy,Daylight,Moderate,Unknown,2023-04-06,2023,4,8,Thursday,Apr,1,0,4,Morning
ACC00614,Bhavnagar,Palitana PS,2022-03-05 05:00:00,24.649801,73.161129,NH-53,State Highway,Grievous,2,0,2,2,0,2,1,0,1,1,Rear-End,Flyover,Clear,Night - No Street Light,Good,Over Speeding,2022-03-05,2022,3,5,Saturday,Mar,2,0,9,Night
ACC00615,Gandhinagar,Dehgam PS,2021-08-29 07:35:00,23.66003,70.336447,SH-41,Rural Road,Minor,3,0,0,3,0,0,0,0,0,1,Rollover,Straight Road,Hazy,Night - Street Light On,Moderate,Unknown,2021-08-29,2021,8,7,Sunday,Aug,1,0,4,Morning
ACC00616,Junagadh,Porbandar PS,2023-10-01 22:50:00,20.653103,72.20818,NH-53,Urban Road,Grievous,2,0,2,1,0,2,0,0,0,0,Head-On,Flyover,Cloudy,Night - No Street Light,Unknown,Wrong Side Driving,2023-10-01,2023,10,22,Sunday,Oct,2,0,5,Night
ACC00617,Mehsana,Visnagar PS,2023-12-14 06:00:00,21.610877,73.869585,Airport Road,State Highway,Fatal,1,2,2,1,2,2,0,1,1,0,Head-On,Straight Road,Unknown,Night - No Street Light,Unknown,No Seatbelt,2023-12-14,2023,12,6,Thursday,Dec,3,5,6,Morning
ACC00618,Bhavnagar,Palitana PS,2023-10-02 05:30:00,23.078723,68.75449,SH-20,Urban Road,Grievous,4,0,1,0,0,2,1,0,1,0,Head-On,Pothole Area,Rainy,Night - Street Light On,Moderate,Drunk Driving,2023-10-02,2023,10,5,Monday,Oct,2,0,5,Night