Accident_ID,District,Police_Station,Accident_DateTime,Latitude,Longitude,Road_Name,Road_Classification,Severity,No_of_Vehicles,Drivers_Killed,Drivers_Grievous_Injury,Drivers_Minor_Injury,Passengers_Killed,Passengers_Grievous_Injury,Passengers_Minor_Injury,Pedestrians_Killed,Pedestrians_Grievous_Injury,Pedestrians_Minor_Injury,Collision_Type,Collision_Feature,Weather_Condition,Light_Condition,Visibility,Traffic_Violation,Date,Year,Month,Hour,DayOfWeek,Month_Name,Severity_Score,Total_Killed,Total_Injured,Time_Category
ACC00619,Ahmedabad,Bapunagar PS,2022-07-23 06:41:00,20.176702,73.443849,SH-20,Urban Road,Minor,4,0,0,2,0,0,2,0,0,0,Single Vehicle,Speed Breaker,Unknown,Night - No Street Light,Good,Unknown,2022-07-23,2022,7,6,Saturday,Jul,1,0,4,Morning
ACC00620,Ahmedabad,Maninagar PS,2023-10-25 04:46:00,20.893892,71.933733,Expressway,Rural Road,Grievous,3,0,2,0,0,2,1,0,1,0,Rollover,Pothole Area,Unknown,Daylight,Poor,Mobile Phone Use,2023-10-25,2023,10,4,Wednesday,Oct,2,0,6,Night
ACC00621,Ahmedabad,Naranpura PS,2021-07-05 05:46:00,21.560506,68.226676,NH-53,Urban Road,Minor,2,0,0,2,0,0,2,0,0,0,Pedestrian Hit,Unknown,Unknown,Night - No Street Light,Unknown,Drunk Driving,2021-07-05,2021,7,5,Monday,Jul,1,0,4,Night
ACC00622,Vadodara,Waghodiya PS,2021-04-20 12:45:00,21.383232,70.708091,SH-41,Urban Road,Damage Only,3,0,0,0,0,0,0,0,0,0,Rear-End,Curve,Rainy,Night - No Street Light,Poor,Overloading,2021-04-20,2021,4,12,Tuesday,Apr,0,0,0,Afternoon
ACC00623,Ahmedabad,Bodakdev PS,2022-12-29 18:23:00,23.052399,72.075466,SH-41,Urban Road,Minor,2,0,0,3,0,0,1,0,0,1,Rear-End,Unknown,Hazy,Dawn/Dusk,Moderate,Unknown,2022-12-29,2022,12,18,Thursday,Dec,1,0,5,Evening
ACC00624,Gandhinagar,Sector 7 PS,2022-12-02 22:32:00,23.518406,71.333616,SH-6,National Highway,Fatal,2,1,2,1,2,2,1,1,1,0,Side Impact,Junction/Intersection,Clear,Daylight,Moderate,Overloading,2022-12-02,2022,12,22,Friday,Dec,3,4,7,Night
ACC00625,Ahmedabad,Chandkheda PS,2021-01-17 05:26:00,21.64869,69.278803,SH-20,Rural Road,Minor,4,0,0,3,0,0,2,0,0,1,Side Impact,Speed Breaker,Rainy,Daylight,Unknown,Unknown,2021-01-17,2021,1,5,Sunday,Jan,1,0,6,Night
ACC00626,Anand,Borsad PS,2022-05-14 08:46:00,21.65424,69.991092,SH-6,Urban Road,Minor,4,0,0,3,0,0,0,0,0,0,Pedestrian Hit,Speed Breaker,Clear,Dawn/Dusk,Unknown,Mobile Phone Use,2022-05-14,2022,5,8,Saturday,May,1,0,3,Morning
ACC00627,Junagadh,Keshod PS,2022-09-08 19:44:00,21.012926,72.836656,NH-53,National Highway,Fatal,4,1,0,0,0,0,0,1,1,0,Single Vehicle,Straight Road,Clear,Night - No Street Light,Moderate,No Helmet,2022-09-08,2022,9,19,Thursday,Sep,3,2,1,Evening
ACC00628,Gandhinagar,Sector 21 PS,2022-01-14 07:54:00,20.514768,72.413696,SH-41,Urban Road,Minor,4,0,0,3,0,0,0,0,0,1,Pedestrian Hit,Bridge,Rainy,Night - No Street Light,Good,Overloading,2022-01-14,2022,1,7,Friday,Jan,1,0,4,Morning
ACC00629,Anand,Borsad PS,2024-12-17 07:48:00,21.88284,73.992153,Ring Road,State Highway,Minor,1,0,0,2,0,0,1,0,0,0,Pedestrian Hit,Junction/Intersection,Unknown,Dawn/Dusk,Unknown,Unknown,2024-12-17,2024,12,7,Tuesday,Dec,1,0,3,Morning
ACC00630,Rajkot,Bhaktinagar PS,2021-12-31 07:23:00,22.406697,,Industrial Road,National Highway,Minor,2,0,0,1,0,0,0,0,0,1,Pedestrian Hit,Straight Road,Unknown,Night - Street Light On,Moderate,Overloading,2021-12-31,2021,12,7,Friday,Dec,1,0,2,Morning
ACC00631,Anand,Anand City PS,2022-11-27 12:41:00,20.793439,72.354219,Bypass Road,State Highway,Minor,1,0,0,2,0,0,0,0,0,1,Head-On,Bridge,Rainy,Night - Street Light On,Unknown,Unknown,2022-11-27,2022,11,12,Sunday,Nov,1,0,3,Afternoon
ACC00632,Ahmedabad,Bodakdev PS,2021-01-26 05:20:00,22.432064,68.173009,City Road,State Highway,Minor,1,0,0,3,0,0,1,0,0,1,Single Vehicle,Flyover,Clear,Night - No Street Light,Unknown,Mobile Phone Use,2021-01-26,2021,1,5,Tuesday,Jan,1,0,5,Night
ACC00633,Mehsana,Visnagar PS,2024-01-01 11:07:00,24.611379,70.515872,City Road,National Highway,Fatal,4,1,0,1,0,1,0,1,1,1,Head-On,Junction/Intersection,Unknown,Night - No Street Light,Moderate,Unknown,2024-01-01,2024,1,11,Monday,Jan,3,2,4,Morning
ACC00634,Surat,Piplod PS,2024-11-06 11:16:00,23.204983,68.248241,SH-14,State Highway,Minor,1,0,0,3,0,0,0,0,0,1,Rear-End,Bridge,Clear,Dawn/Dusk,Poor,Mobile Phone Use,2024-11-06,2024,11,11,Wednesday,Nov,1,0,4,Morning
ACC00635,Surat,Piplod PS,2023-03-23 07:11:00,20.535034,72.087396,Ring Road,District Road,Grievous,1,0,2,1,0,0,0,0,1,0,Side Impact,Bridge,Unknown,Night - Street Light On,Unknown,Over Speeding,2023-03-23,2023,3,7,Thursday,Mar,2,0,4,Morning
ACC00636,Junagadh,Junagadh City PS,2022-11-23 20:47:00,21.943402,72.804632,Expressway,Urban Road,Damage Only,3,0,0,0,0,0,0,0,0,0,Single Vehicle,Straight Road,Cloudy,Daylight,Moderate,Unknown,2022-11-23,2022,11,20,Wednesday,Nov,0,0,0,Evening
ACC00637,Gandhinagar,Dehgam PS,2023-11-19 17:54:00,23.293583,71.712017,SH-6,Urban Road,Fatal,1,2,1,1,1,1,0,0,0,0,Pedestrian Hit,Junction/Intersection,Unknown,Night - Street Light On,Poor,Unknown,2023-11-19,2023,11,17,Sunday,Nov,3,3,3,Afternoon
ACC00638,Anand,Vallabh Vidyanagar PS,2022-07-17 08:29:00,24.589129,69.494339,NH-48,District Road,Fatal,4,2,1,1,2,0,0,1,1,1,Single Vehicle,Straight Road,Hazy,Night - No Street Light,Unknown,Unknown,2022-07-17,2022,7,8,Sunday,Jul,3,5,4,Morning
ACC00639,Bharuch,Jhagadia PS,2023-06-30 04:29:00,22.395283,69.171084,Ring Road,State Highway,Damage Only,3,0,0,0,0,0,0,0,0,0,Side Impact,Pothole Area,Hazy,Daylight,Unknown,Unknown,2023-06-30,2023,6,4,Friday,Jun,0,0,0,Night
ACC00640,Ahmedabad,Maninagar PS,2023-12-21 11:19:00,21.550555,68.286257,Industrial Road,National Highway,Minor,3,0,0,3,0,0,2,0,0,1,Rollover,Junction/Intersection,Hazy,Dawn/Dusk,Unknown,Over Speeding,2023-12-21,2023,12,11,Thursday,Dec,1,0,6,Morning
ACC00641,Rajkot,Kalawad PS,2024-01-06 04:24:00,24.008474,69.475324,NH-27,District Road,Minor,2,0,0,2,0,0,2,0,0,1,Rollover,Flyover,Rainy,Dawn/Dusk,Unknown,No Helmet,2024-01-06,2024,1,4,Saturday,Jan,1,0,5,Night
ACC00642,Bharuch,Jhagadia PS,2024-07-14 03:42:00,24.517101,70.101983,Airport Road,District Road,Fatal,4,0,0,1,0,1,2,1,0,1,Rollover,Flyover,Cloudy,Dawn/Dusk,Unknown,Mobile Phone Use,2024-07-14,2024,7,3,Sunday,Jul,3,1,5,Night
ACC00643,Ahmedabad,Bodakdev PS,2024-04-03 20:26:00,21.987351,71.998919,NH-53,State Highway,Minor,2,0,0,1,0,0,2,0,0,1,Rollover,Straight Road,Hazy,Dawn/Dusk,Good,No Helmet,2024-04-03,2024,4,20,Wednesday,Apr,1,0,4,Evening
ACC00644,Ahmedabad,Chandkheda PS,2021-02-16 23:38:00,23.108934,73.539661,SH-41,National Highway,Grievous,3,0,2,0,0,0,0,0,1,0,Rear-End,Pothole Area,Rainy,Night - Street Light On,Unknown,Wrong Side Driving,2021-02-16,2021,2,23,Tuesday,Feb,2,0,3,Night
ACC00645,Mehsana,Unjha PS,2024-11-01 19:28:00,23.765066,71.251354,NH-27,National Highway,Fatal,1,2,1,1,0,1,0,1,0,0,Pedestrian Hit,Junction/Intersection,Rainy,Night - Street Light On,Unknown,Drunk Driving,2024-11-01,2024,11,19,Friday,Nov,3,3,3,Evening
ACC00646,Bhavnagar,Mahuva PS,2021-02-18 14:30:00,20.375017,73.318339,Expressway,State Highway,Fatal,1,0,1,0,1,2,1,0,0,1,Pedestrian Hit,Unknown,Cloudy,Dawn/Dusk,Unknown,Drunk Driving,2021-02-18,2021,2,14,Thursday,Feb,3,1,5,Afternoon
ACC00647,Rajkot,Kalawad PS,2022-03-07 08:06:00,23.291094,72.567222,NH-8,District Road,Minor,3,0,0,3,0,0,1,0,0,0,Rear-End,Junction/Intersection,Foggy,Dawn/Dusk,Poor,Overloading,2022-03-07,2022,3,8,Monday,Mar,1,0,4,Morning
ACC00648,Vadodara,Fatehgunj PS,2023-12-05 09:01:00,21.805915,69.934675,Expressway,Urban Road,Grievous,2,0,3,0,0,1,1,0,0,1,Rear-End,Junction/Intersection,Cloudy,Dawn/Dusk,Poor,Signal Jumping,2023-12-05,2023,12,9,Tuesday,Dec,2,0,6,Morning
ACC00649,Surat,Katargam PS,2024-04-09 09:09:00,21.293337,72.796381,Airport Road,National Highway,Fatal,3,1,0,1,1,1,1,0,0,0,Hit & Run,Curve,Foggy,Night - Street Light On,Poor,Unknown,2024-04-09,2024,4,9,Tuesday,Apr,3,2,3,Morning
ACC00650,Bharuch,Ankleshwar PS,2022-09-26 06:14:00,22.89975,68.853426,SH-6,District Road,Minor,3,0,0,3,0,0,0,0,0,1,Side Impact,Speed Breaker,Unknown,Daylight,Moderate,Wrong Side Driving,2022-09-26,2022,9,6,Monday,Sep,1,0,4,Morning
ACC00651,Ahmedabad,Chandkheda PS,2023-11-06 02:17:00,22.559868,73.597478,NH-8,National Highway,Damage Only,2,0,0,0,0,0,0,0,0,0,Head-On,Speed Breaker,Rainy,Night - Street Light On,Poor,Signal Jumping,2023-11-06,2023,11,2,Monday,Nov,0,0,0,Night
ACC00652,Rajkot,Kalawad PS,2021-12-30 01:38:00,21.376392,72.720025,NH-27,National Highway,Minor,4,0,0,2,0,0,0,0,0,0,Rear-End,Straight Road,Rainy,Night - Street Light On,Moderate,Unknown,2021-12-30,2021,12,1,Thursday,Dec,1,0,2,Night
ACC00653,Bharuch,Bharuch City PS,2022-02-07 15:07:00,22.289765,71.813068,Industrial Road,Urban Road,Damage Only,2,0,0,0,0,0,0,0,0,0,Hit & Run,Straight Road,Hazy,Dawn/Dusk,Good,Overloading,2022-02-07,2022,2,15,Monday,Feb,0,0,0,Afternoon
ACC00654,Bhavnagar,Mahuva PS,2023-07-24 00:16:00,22.866229,69.212151,Airport Road,Urban Road,Damage Only,3,0,0,0,0,0,0,0,0,0,Hit & Run,Pothole Area,Foggy,Night - No Street Light,Moderate,No Helmet,2023-07-24,2023,7,0,Monday,Jul,0,0,0,Night
ACC00655,Junagadh,Manavadar PS,2022-09-25 20:28:00,23.580416,68.141059,Airport Road,State Highway,Damage Only,4,0,0,0,0,0,0,0,0,0,Hit & Run,Curve,Clear,Dawn/Dusk,Poor,Drunk Driving,2022-09-25,2022,9,20,Sunday,Sep,0,0,0,Evening
ACC00656,Bharuch,Amod PS,2022-01-10 06:49:00,21.166293,70.023918,NH-8,National Highway,Damage Only,2,0,0,0,0,0,0,0,0,0,Rollover,Pothole Area,Foggy,Night - Street Light On,Moderate,No Helmet,2022-01-10,2022,1,6,Monday,Jan,0,0,0,Morning
ACC00657,Rajkot,Kalawad PS,2021-12-18 05:39:00,21.598134,71.084784,Industrial Road,District Road,Damage Only,3,0,0,0,0,0,0,0,0,0,Pedestrian Hit,Pothole Area,Foggy,Night - Street Light On,Poor,Overloading,2021-12-18,2021,12,5,Saturday,Dec,0,0,0,Night
ACC00658,Bharuch,Ankleshwar PS,2022-09-20 10:46:00,23.527984,70.779377,Ring Road,District Road,Minor,2,0,0,2,0,0,1,0,0,0,Pedestrian Hit,Flyover,Cloudy,Daylight,Unknown,No Helmet,2022-09-20,2022,9,10,Tuesday,Sep,1,0,3,Morning
ACC00659,Rajkot,Mavdi PS,2024-09-17 22:16:00,21.817986,73.082796,SH-20,District Road,Minor,0,0,0,1,0,0,0,0,0,1,Rollover,Curve,Rainy,Dawn/Dusk,Poor,Drunk Driving,2024-09-17,2024,9,22,Tuesday,Sep,1,0,2,Night
ACC00660,Mehsana,Patan PS,2023-08-21 01:49:00,23.263884,71.16836,SH-14,National Highway,Fatal,3,1,0,1,1,0,2,0,1,1,Rollover,Straight Road,Clear,Daylight,Poor,Mobile Phone Use,2023-08-21,2023,8,1,Monday,Aug,3,2,5,Night
ACC00661,Vadodara,Fatehgunj PS,2024-04-22 09:36:00,20.504824,71.708219,NH-8,State Highway,Grievous,3,0,2,1,0,0,2,0,1,0,Single Vehicle,Speed Breaker,Foggy,Daylight,Moderate,Drunk Driving,2024-04-22,2024,4,9,Monday,Apr,2,0,6,Morning
ACC00662,Mehsana,Unjha PS,2023-08-02 11:21:00,24.568618,71.902786,NH-48,Urban Road,Grievous,1,0,2,2,0,2,0,0,0,1,Rear-End,Bridge,Cloudy,Dawn/Dusk,Unknown,Over Speeding,2023-08-02,2023,8,11,Wednesday,Aug,2,0,7,Morning
ACC00663,Junagadh,Veraval PS,2024-01-09 15:18:00,23.01812,71.661433,Airport Road,Rural Road,Grievous,0,0,3,0,0,1,1,0,1,0,Pedestrian Hit,Curve,Hazy,Daylight,Unknown,Unknown,2024-01-09,2024,1,15,Tuesday,Jan,2,0,6,Afternoon
ACC00664,Vadodara,Waghodiya PS,2021-05-30 05:41:00,22.188617,72.758589,Ring Road,National Highway,Minor,2,0,0,2,0,0,1,0,0,0,Head-On,Junction/Intersection,Clear,Dawn/Dusk,Good,Over Speeding,2021-05-30,2021,5,5,Sunday,May,1,0,3,Night
ACC00665,Gandhinagar,Sector 7 PS,2024-04-11 21:49:00,22.205665,72.950545,Industrial Road,Urban Road,Minor,2,0,0,2,0,0,0,0,0,0,Side Impact,Pothole Area,Hazy,Night - Street Light On,Moderate,Signal Jumping,2024-04-11,2024,4,21,Thursday,Apr,1,0,2,Evening
ACC00666,Surat,Piplod PS,2024-05-17 01:49:00,21.70319,73.584503,SH-6,District Road,Minor,2,0,0,2,0,0,0,0,0,0,Single Vehicle,Junction/Intersection,Rainy,Dawn/Dusk,Poor,Wrong Side Driving,2024-05-17,2024,5,1,Friday,May,1,0,2,Night
ACC00667,Mehsana,Mehsana City PS,2023-02-08 00:28:00,24.029265,68.41005,Bypass Road,State Highway,Damage Only,1,0,0,0,0,0,0,0,0,0,Hit & Run,Flyover,Cloudy,Daylight,Good,Signal Jumping,2023-02-08,2023,2,0,Wednesday,Feb,0,0,0,Night
ACC00668,Vadodara,Fatehgunj PS,2021-09-04 15:47:00,23.54854,69.303181,NH-27,Rural Road,Minor,1,0,0,2,0,0,1,0,0,1,Pedestrian Hit,Bridge,Foggy,Daylight,Unknown,Over Speeding,2021-09-04,2021,9,15,Saturday,Sep,1,0,4,Afternoon
ACC00669,Ahmedabad,Chandkheda PS,2023-01-09 09:53:00,24.451327,69.544961,Expressway,National Highway,Minor,3,0,0,1,0,0,0,0,0,0,Head-On,Flyover,Cloudy,Dawn/Dusk,Good,Mobile Phone Use,2023-01-09,2023,1,9,Monday,Jan,1,0,1,Morning
ACC00670,Vadodara,Gotri PS,2021-01-19 04:33:00,23.297323,68.485443,NH-8,National Highway,Fatal,4,1,1,0,0,0,0,0,1,0,Rear-End,Pothole Area,Foggy,Night - No Street Light,Unknown,Signal Jumping,2021-01-19,2021,1,4,Tuesday,Jan,3,1,2,Night
ACC00671,Rajkot,Kalavad Road PS,2023-04-07 20:23:00,21.319834,73.034594,SH-20,State Highway,Minor,4,0,0,3,0,0,0,0,0,0,Head-On,Straight Road,Unknown,Night - Street Light On,Unknown,Over Speeding,2023-04-07,2023,4,20,Friday,Apr,1,0,3,Evening
ACC00672,Vadodara,Sayajigunj PS,2021-01-31 11:57:00,22.031461,74.203002,Bypass Road,Urban Road,Minor,0,0,0,2,0,0,1,0,0,0,Hit & Run,Speed Breaker,Cloudy,Night - Street Light On,Good,Mobile Phone Use,2021-01-31,2021,1,11,Sunday,Jan,1,0,3,Morning
ACC00673,Bharuch,Amod PS,2023-01-19 19:42:00,22.297833,73.467401,SH-6,Urban Road,Minor,4,0,0,2,0,0,2,0,0,0,Rear-End,Curve,Rainy,Night - Street Light On,Good,Drunk Driving,2023-01-19,2023,1,19,Thursday,Jan,1,0,4,Evening
ACC00674,Rajkot,Mavdi PS,2022-05-29 05:46:00,21.611678,72.310645,Airport Road,State Highway,Grievous,2,0,3,2,0,2,0,0,0,1,Rollover,Junction/Intersection,Rainy,Night - No Street Light,Unknown,No Helmet,2022-05-29,2022,5,5,Sunday,May,2,0,8,Night
ACC00675,Rajkot,Mavdi PS,2021-01-30 04:40:00,23.755952,70.131954,Industrial Road,Rural Road,Fatal,4,2,2,0,1,2,1,1,1,1,Hit & Run,Junction/Intersection,Rainy,Dawn/Dusk,Unknown,Wrong Side Driving,2021-01-30,2021,1,4,Saturday,Jan,3,4,7,Night
ACC00676,Vadodara,Waghodiya PS,2022-11-30 15:49:00,23.150941,70.256963,Airport Road,Urban Road,Minor,2,0,0,2,0,0,0,0,0,0,Side Impact,Junction/Intersection,Cloudy,Daylight,Moderate,Drunk Driving,2022-11-30,2022,11,15,Wednesday,Nov,1,0,2,Afternoon
ACC00677,Junagadh,Veraval PS,2021-09-16 11:19:00,22.645173,74.187643,Airport Road,State Highway,Minor,2,0,0,3,0,0,2,0,0,1,Rear-End,Speed Breaker,Rainy,Night - Street Light On,Moderate,Over Speeding,2021-09-16,2021,9,11,Thursday,Sep,1,0,6,Morning
ACC00678,Junagadh,Manavadar PS,2021-11-07 18:55:00,20.316178,71.49858,Expressway,District Road,Damage Only,4,0,0,0,0,0,0,0,0,0,Rollover,Curve,Clear,Night - Street Light On,Moderate,Signal Jumping,2021-11-07,2021,11,18,Sunday,Nov,0,0,0,Evening
ACC00679,Rajkot,Kalavad Road PS,2021-04-11 12:18:00,22.500043,71.102239,SH-20,Rural Road,Minor,3,0,0,1,0,0,2,0,0,0,Rear-End,Junction/Intersection,Clear,Daylight,Poor,Unknown,2021-04-11,2021,4,12,Sunday,Apr,1,0,3,Afternoon
ACC00680,Surat,Adajan PS,2021-10-15 04:30:00,23.617127,74.090737,SH-6,State Highway,Minor,3,0,0,1,0,0,0,0,0,1,Hit & Run,Pothole Area,Cloudy,Dawn/Dusk,Moderate,Wrong Side Driving,2021-10-15,2021,10,4,Friday,Oct,1,0,2,Night
ACC00681,Vadodara,Manjalpur PS,2021-09-10 23:47:00,23.19266,68.997173,SH-14,Rural Road,Grievous,4,0,3,0,0,1,1,0,1,0,Pedestrian Hit,Pothole Area,Clear,Night - No Street Light,Good,Unknown,2021-09-10,2021,9,23,Friday,Sep,2,0,6,Night
ACC00682,Vadodara,Sayajigunj PS,2022-12-01 08:02:00,24.199137,71.039112,Industrial Road,District Road,Minor,1,0,0,1,0,0,2,0,0,1,Rear-End,Pothole Area,Cloudy,Night - No Street Light,Moderate,Unknown,2022-12-01,2022,12,8,Thursday,Dec,1,0,4,Morning
ACC00683,Rajkot,Kalawad PS,2024-12-07 13:26:00,20.583874,73.406647,Expressway,Urban Road,Fatal,3,1,2,0,0,0,1,0,0,1,Side Impact,Pothole Area,Hazy,Night - No Street Light,Unknown,Unknown,2024-12-07,2024,12,13,Saturday,Dec,3,1,4,Afternoon
ACC00684,Bhavnagar,Palitana PS,2024-09-25 08:06:00,23.9008,71.921836,Industrial Road,Urban Road,Damage Only,1,0,0,0,0,0,0,0,0,0,Hit & Run,Flyover,Unknown,Dawn/Dusk,Good,Unknown,2024-09-25,2024,9,8,Wednesday,Sep,0,0,0,Morning
ACC00685,Bhavnagar,Bhavnagar City PS,2024-03-24 03:07:00,21.197626,72.568623,Industrial Road,National Highway,Grievous,4,0,3,1,0,0,2,0,1,1,Hit & Run,Pothole Area,Unknown,Daylight,Poor,Unknown,2024-03-24,2024,3,3,Sunday,Mar,2,0,8,Night
ACC00686,Surat,Katargam PS,2024-03-07 05:01:00,21.613226,70.696507,NH-48,Rural Road,Grievous,3,0,1,1,0,1,1,0,0,0,Single Vehicle,Junction/Intersection,Foggy,Night - No Street Light,Poor,Wrong Side Driving,2024-03-07,2024,3,5,Thursday,Mar,2,0,4,Night
ACC00687,Rajkot,Bhaktinagar PS,2024-01-26 20:20:00,23.565268,69.183965,Bypass Road,Urban Road,Minor,1,0,0,3,0,0,0,0,0,1,Pedestrian Hit,Junction/Intersection,Hazy,Night - Street Light On,Poor,Mobile Phone Use,2024-01-26,2024,1,20,Friday,Jan,1,0,4,Evening
ACC00688,Bharuch,Amod PS,2023-10-16 20:11:00,21.029886,71.158276,SH-20,State Highway,Damage Only,1,0,0,0,0,0,0,0,0,0,Pedestrian Hit,Junction/Intersection,Rainy,Night - Street Light On,Poor,Over Speeding,2023-10-16,2023,10,20,Monday,Oct,0,0,0,Evening
ACC00689,Rajkot,Bhaktinagar PS,2022-09-28 16:44:00,21.462537,69.220821,Industrial Road,State Highway,Minor,3,0,0,3,0,0,1,0,0,1,Single Vehicle,Straight Road,Clear,Dawn/Dusk,Poor,Signal Jumping,2022-09-28,2022,9,16,Wednesday,Sep,1,0,5,Afternoon
ACC00690,Vadodara,Manjalpur PS,2021-08-01 23:52:00,23.773041,74.215695,SH-20,State Highway,Minor,4,0,0,1,0,0,2,0,0,0,Rear-End,Straight Road,Rainy,Night - Street Light On,Poor,Over Speeding,2021-08-01,2021,8,23,Sunday,Aug,1,0,3,Night
ACC00691,Rajkot,Mavdi PS,2023-06-21 20:51:00,20.157124,68.230876,Industrial Road,National Highway,Grievous,4,0,3,2,0,2,1,0,1,1,Hit & Run,Bridge,Hazy,Night - Street Light On,Unknown,Signal Jumping,2023-06-21,2023,6,20,Wednesday,Jun,2,0,10,Evening
ACC00692,Gandhinagar,Kalol PS,2023-01-29 11:57:00,21.179647,68.585355,Expressway,Rural Road,Grievous,4,0,2,2,0,2,0,0,1,0,Rear-End,Flyover,Unknown,Night - Street Light On,Moderate,Drunk Driving,2023-01-29,2023,1,11,Sunday,Jan,2,0,7,Morning
ACC00693,Junagadh,Keshod PS,2023-08-11 08:36:00,22.217099,71.823696,NH-27,Urban Road,Grievous,2,0,3,0,0,0,1,0,1,1,Rear-End,Unknown,Cloudy,Daylight,Poor,Overloading,2023-08-11,2023,8,8,Friday,Aug,2,0,6,Morning
ACC00694,Surat,Piplod PS,2023-10-03 13:45:00,20.713441,72.269345,SH-14,Urban Road,Fatal,3,0,2,1,2,0,0,0,1,0,Rollover,Junction/Intersection,Foggy,Night - Street Light On,Unknown,Signal Jumping,2023-10-03,2023,10,13,Tuesday,Oct,3,2,4,Afternoon
ACC00695,Vadodara,Fatehgunj PS,2022-05-25 19:49:00,20.924968,72.191264,Bypass Road,Rural Road,Minor,0,0,0,3,0,0,1,0,0,0,Single Vehicle,Straight Road,Clear,Dawn/Dusk,Unknown,No Seatbelt,2022-05-25,2022,5,19,Wednesday,May,1,0,4,Evening
ACC00696,Bharuch,Ankleshwar PS,2021-07-16 09:22:00,22.07966,68.671627,SH-14,State Highway,Fatal,1,2,2,0,1,2,0,0,0,1,Hit & Run,Junction/Intersection,Unknown,Daylight,Poor,Overloading,2021-07-16,2021,7,9,Friday,Jul,3,3,5,Morning
ACC00697,Vadodara,Sayajigunj PS,2023-12-20 00:00:00,21.508814,71.678896,SH-20,National Highway,Minor,2,0,0,2,0,0,0,0,0,0,Pedestrian Hit,Curve,Rainy,Dawn/Dusk,Moderate,Unknown,2023-12-20,2023,12,0,Wednesday,Dec,1,0,2,Night
ACC00698,Bhavnagar,Talaja PS,2024-03-21 05:57:00,23.991476,71.296171,SH-41,State Highway,Damage Only,1,0,0,0,0,0,0,0,0,0,Pedestrian Hit,Speed Breaker,Clear,Daylight,Poor,Mobile Phone Use,2024-03-21,2024,3,5,Thursday,Mar,0,0,0,Night
ACC00699,Bharuch,Ankleshwar PS,2024-04-23 16:10:00,22.389195,74.383254,SH-20,State Highway,Grievous,1,0,1,1,0,0,1,0,1,0,Hit & Run,Speed Breaker,Cloudy,Dawn/Dusk,Good,Unknown,2024-04-23,2024,4,16,Tuesday,Apr,2,0,4,Afternoon
ACC00700,Rajkot,Kalawad PS,2021-03-27 11:03:00,24.337173,73.830909,Expressway,District Road,Minor,4,0,0,3,0,0,2,0,0,0,Pedestrian Hit,Straight Road,Hazy,Daylight,Poor,Unknown,2021-03-27,2021,3,11,Saturday,Mar,1,0,5,Morning
ACC00701,Gandhinagar,Mansa PS,2021-10-05 14:48:00,24.443537,70.841375,NH-27,National Highway,Grievous,4,0,2,1,0,2,1,0,0,0,Hit & Run,Unknown,Clear,Night - No Street Light,Unknown,Unknown,2021-10-05,2021,10,14,Tuesday,Oct,2,0,6,Afternoon
ACC00702,Rajkot,Rajkot Central PS,2022-09-21 18:47:00,22.59682,72.757319,Airport Road,National Highway,Minor,1,0,0,3,0,0,1,0,0,0,Head-On,Unknown,Foggy,Dawn/Dusk,Moderate,No Helmet,2022-09-21,2022,9,18,Wednesday,Sep,1,0,4,Evening
ACC00703,Junagadh,Veraval PS,2024-10-26 22:02:00,20.553793,73.721843,Expressway,Urban Road,Minor,4,0,0,1,0,0,2,0,0,0,Side Impact,Curve,Cloudy,Night - Street Light On,Good,Over Speeding,2024-10-26,2024,10,22,Saturday,Oct,1,0,3,Night
ACC00704,Gandhinagar,Sector 21 PS,2022-05-08 21:52:00,21.621453,70.556469,SH-6,Urban Road,Damage Only,2,0,0,0,0,0,0,0,0,0,Side Impact,Bridge,Clear,Night - Street Light On,Moderate,Unknown,2022-05-08,2022,5,21,Sunday,May,0,0,0,Evening
ACC00705,Bhavnagar,Talaja PS,2023-05-16 21:36:00,24.249604,74.023719,City Road,District Road,Damage Only,4,0,0,0,0,0,0,0,0,0,Single Vehicle,Bridge,Unknown,Daylight,Unknown,No Seatbelt,2023-05-16,2023,5,21,Tuesday,May,0,0,0,Evening
ACC00706,Gandhinagar,Sector 7 PS,2023-09-27 08:38:00,,68.363336,NH-8,State Highway,Fatal,2,1,0,1,0,1,2,0,1,1,Hit & Run,Pothole Area,Rainy,Daylight,Good,Drunk Driving,2023-09-27,2023,9,8,Wednesday,Sep,3,1,6,Morning