Accident_ID,District,Police_Station,Accident_DateTime,Latitude,Longitude,Road_Name,Road_Classification,Severity,No_of_Vehicles,Drivers_Killed,Drivers_Grievous_Injury,Drivers_Minor_Injury,Passengers_Killed,Passengers_Grievous_Injury,Passengers_Minor_Injury,Pedestrians_Killed,Pedestrians_Grievous_Injury,Pedestrians_Minor_Injury,Collision_Type,Collision_Feature,Weather_Condition,Light_Condition,Visibility,Traffic_Violation,Date,Year,Month,Hour,DayOfWeek,Month_Name,Severity_Score,Total_Killed,Total_Injured,Time_Category
ACC00796,Bhavnagar,Sihor PS,2023-09-14 13:26:00,23.063831,71.578357,Industrial Road,Urban Road,Damage Only,4,0,0,0,0,0,0,0,0,0,Side Impact,Curve,Cloudy,Daylight,Poor,Signal Jumping,2023-09-14,2023,9,13,Thursday,Sep,0,0,0,Afternoon
ACC00797,Rajkot,Kalavad Road PS,2021-05-16 01:02:00,23.796686,73.218868,Bypass Road,National Highway,Fatal,3,2,2,1,2,0,0,1,0,0,Single Vehicle,Flyover,Unknown,Night - No Street Light,Unknown,Signal Jumping,2021-05-16,2021,5,1,Sunday,May,3,5,3,Night
ACC00798,Gandhinagar,Kalol PS,2021-07-10 15:56:00,20.781572,69.612147,Industrial Road,Urban Road,Minor,1,0,0,3,0,0,1,0,0,1,Hit & Run,Curve,Unknown,Night - Street Light On,Unknown,Over Speeding,2021-07-10,2021,7,15,Saturday,Jul,1,0,5,Afternoon
ACC00799,Bhavnagar,Talaja PS,2022-11-22 00:06:00,23.891891,69.429689,SH-20,State Highway,Fatal,2,1,2,1,2,2,2,0,1,1,Single Vehicle,Pothole Area,Unknown,Night - No Street Light,Unknown,Unknown,2022-11-22,2022,11,0,Tuesday,Nov,3,3,9,Night
ACC00800,Surat,Varachha PS,2022-11-13 00:26:00,24.539394,73.326182,Ring Road,National Highway,Damage Only,2,0,0,0,0,0,0,0,0,0,Hit & Run,Speed Breaker,Hazy,Night - Street Light On,Poor,Unknown,2022-11-13,2022,11,0,Sunday,Nov,0,0,0,Night
ACC00801,Mehsana,Visnagar PS,2022-09-07 20:54:00,21.155575,69.701094,SH-14,National Highway,Grievous,1,0,1,1,0,1,0,0,0,1,Head-On,Straight Road,Rainy,Dawn/Dusk,Moderate,No Seatbelt,2022-09-07,2022,9,20,Wednesday,Sep,2,0,4,Evening
ACC00802,Junagadh,Veraval PS,2024-05-14 21:03:00,22.768811,71.579863,NH-8,State Highway,Grievous,2,0,3,0,0,0,0,0,0,1,Head-On,Bridge,Hazy,Night - No Street Light,Moderate,Unknown,2024-05-14,2024,5,21,Tuesday,May,2,0,4,Evening
ACC00803,Mehsana,Mehsana City PS,2021-07-23 04:59:00,21.287689,72.332408,Ring Road,National Highway,Minor,3,0,0,2,0,0,2,0,0,0,Rear-End,Curve,Unknown,Night - Street Light On,Poor,Drunk Driving,2021-07-23,2021,7,4,Friday,Jul,1,0,4,Night
ACC00804,Ahmedabad,Maninagar PS,2021-09-06 00:15:00,23.643561,69.801322,NH-53,National Highway,Damage Only,3,0,0,0,0,0,0,0,0,0,Head-On,Junction/Intersection,Clear,Dawn/Dusk,Good,Overloading,2021-09-06,2021,9,0,Monday,Sep,0,0,0,Night
ACC00805,Ahmedabad,Chandkheda PS,2021-07-08 11:11:00,20.970781,72.669486,Industrial Road,State Highway,Minor,3,0,0,1,0,0,2,0,0,0,Pedestrian Hit,Flyover,Clear,Daylight,Moderate,Signal Jumping,2021-07-08,2021,7,11,Thursday,Jul,1,0,3,Morning
ACC00806,Mehsana,Visnagar PS,2021-03-03 10:54:00,23.581079,71.328244,NH-8,Urban Road,Minor,4,0,0,3,0,0,1,0,0,1,Hit & Run,Curve,Hazy,Dawn/Dusk,Good,Wrong Side Driving,2021-03-03,2021,3,10,Wednesday,Mar,1,0,5,Morning
ACC00807,Bharuch,Jhagadia PS,2022-02-12 01:02:00,20.11712,74.322273,SH-20,District Road,Grievous,2,0,3,0,0,2,2,0,0,0,Single Vehicle,Pothole Area,Clear,Night - No Street Light,Unknown,Drunk Driving,2022-02-12,2022,2,1,Saturday,Feb,2,0,7,Night
ACC00808,Mehsana,Kadi PS,2024-02-08 17:46:00,20.650864,73.052721,City Road,State Highway,Minor,1,0,0,2,0,0,2,0,0,0,Side Impact,Speed Breaker,Cloudy,Night - No Street Light,Good,Drunk Driving,2024-02-08,2024,2,17,Thursday,Feb,1,0,4,Afternoon
ACC00809,Gandhinagar,Kalol PS,2021-11-10 08:21:00,24.614027,70.391847,Bypass Road,Rural Road,Minor,2,0,0,3,0,0,0,0,0,0,Side Impact,Bridge,Clear,Daylight,Poor,No Helmet,2021-11-10,2021,11,8,Wednesday,Nov,1,0,3,Morning
ACC00810,Junagadh,Manavadar PS,2024-05-12 03:23:00,24.58334,70.105364,NH-27,District Road,Minor,3,0,0,3,0,0,2,0,0,0,Rear-End,Speed Breaker,Clear,Night - Street Light On,Good,Mobile Phone Use,2024-05-12,2024,5,3,Sunday,May,1,0,5,Night
ACC00811,Junagadh,Manavadar PS,2024-11-15 17:19:00,23.126339,70.642994,NH-48,District Road,Fatal,2,1,1,0,0,1,0,0,1,1,Side Impact,Bridge,Clear,Night - No Street Light,Poor,Over Speeding,2024-11-15,2024,11,17,Friday,Nov,3,1,4,Afternoon
ACC00812,Junagadh,Junagadh City PS,2022-06-26 05:37:00,24.217113,70.204596,NH-53,District Road,Damage Only,2,0,0,0,0,0,0,0,0,0,Single Vehicle,Pothole Area,Clear,Daylight,Unknown,Wrong Side Driving,2022-06-26,2022,6,5,Sunday,Jun,0,0,0,Night
ACC00813,Vadodara,Gotri PS,2022-05-04 13:00:00,24.125335,72.698063,SH-41,National Highway,Minor,4,0,0,1,0,0,2,0,0,1,Rear-End,Curve,Clear,Dawn/Dusk,Moderate,Unknown,2022-05-04,2022,5,13,Wednesday,May,1,0,4,Afternoon
ACC00814,Bharuch,Ankleshwar PS,2023-04-09 18:26:00,21.423249,73.493682,NH-27,State Highway,Minor,4,0,0,3,0,0,0,0,0,1,Single Vehicle,Pothole Area,Hazy,Dawn/Dusk,Good,Drunk Driving,2023-04-09,2023,4,18,Sunday,Apr,1,0,4,Evening
ACC00815,Vadodara,Gotri PS,2022-01-13 20:37:00,23.186709,68.353299,SH-6,National Highway,Minor,3,0,0,1,0,0,0,0,0,0,Single Vehicle,Unknown,Clear,Dawn/Dusk,Moderate,Wrong Side Driving,2022-01-13,2022,1,20,Thursday,Jan,1,0,1,Evening
ACC00816,Rajkot,Rajkot Central PS,2024-11-26 00:26:00,21.049134,72.66318,NH-8,Urban Road,Grievous,2,0,1,2,0,1,0,0,0,1,Head-On,Junction/Intersection,Cloudy,Dawn/Dusk,Poor,Overloading,2024-11-26,2024,11,0,Tuesday,Nov,2,0,5,Night
ACC00817,Rajkot,Kalawad PS,2023-09-29 08:27:00,20.114064,68.486849,SH-41,Urban Road,Minor,3,0,0,1,0,0,1,0,0,1,Head-On,Speed Breaker,Foggy,Night - Street Light On,Unknown,Drunk Driving,2023-09-29,2023,9,8,Friday,Sep,1,0,3,Morning
ACC00818,Vadodara,Manjalpur PS,2021-01-29 15:50:00,20.400357,70.010133,SH-6,Rural Road,Grievous,2,0,1,1,0,0,1,0,0,0,Hit & Run,Flyover,Foggy,Dawn/Dusk,Unknown,Mobile Phone Use,2021-01-29,2021,1,15,Friday,Jan,2,0,3,Afternoon
ACC00819,Mehsana,Kadi PS,2022-03-25 17:32:00,20.765584,70.436255,SH-14,State Highway,Grievous,0,0,1,2,0,1,0,0,0,1,Single Vehicle,Flyover,Unknown,Night - No Street Light,Unknown,Over Speeding,2022-03-25,2022,3,17,Friday,Mar,2,0,5,Afternoon
ACC00820,Junagadh,Manavadar PS,2024-03-22 16:58:00,22.386369,69.039307,NH-48,Rural Road,Damage Only,4,0,0,0,0,0,0,0,0,0,Side Impact,Flyover,Hazy,Dawn/Dusk,Poor,Over Speeding,2024-03-22,2024,3,16,Friday,Mar,0,0,0,Afternoon
ACC00821,Rajkot,Mavdi PS,2021-08-11 23:19:00,22.054304,69.813232,SH-6,District Road,Damage Only,4,0,0,0,0,0,0,0,0,0,Single Vehicle,Flyover,Hazy,Night - No Street Light,Good,No Seatbelt,2021-08-11,2021,8,23,Wednesday,Aug,0,0,0,Night
ACC00822,Bhavnagar,Sihor PS,2022-05-17 10:02:00,21.741651,71.454662,Bypass Road,District Road,Minor,2,0,0,1,0,0,1,0,0,0,Rear-End,Speed Breaker,Clear,Daylight,Good,Unknown,2022-05-17,2022,5,10,Tuesday,May,1,0,2,Morning
ACC00823,Rajkot,Kalawad PS,2023-04-25 17:47:00,23.232419,70.880071,NH-53,National Highway,Minor,1,0,0,3,0,0,1,0,0,0,Rear-End,Curve,Foggy,Daylight,Good,Mobile Phone Use,2023-04-25,2023,4,17,Tuesday,Apr,1,0,4,Afternoon
ACC00824,Gandhinagar,Dehgam PS,2023-07-11 06:05:00,21.188864,73.17412,NH-8,National Highway,Damage Only,0,0,0,0,0,0,0,0,0,0,Rollover,Pothole Area,Rainy,Daylight,Unknown,Mobile Phone Use,2023-07-11,2023,7,6,Tuesday,Jul,0,0,0,Morning
ACC00825,Surat,Adajan PS,2022-03-20 13:56:00,20.508067,73.92631,SH-14,Urban Road,Minor,1,0,0,3,0,0,2,0,0,0,Head-On,Junction/Intersection,Foggy,Dawn/Dusk,Moderate,Over Speeding,2022-03-20,2022,3,13,Sunday,Mar,1,0,5,Afternoon
ACC00826,Gandhinagar,Sector 7 PS,2021-12-19 05:14:00,23.469225,69.417147,NH-53,National Highway,Grievous,1,0,3,2,0,1,0,0,1,1,Side Impact,Pothole Area,Cloudy,Night - Street Light On,Moderate,Over Speeding,2021-12-19,2021,12,5,Sunday,Dec,2,0,8,Night
ACC00827,Vadodara,Sayajigunj PS,2021-11-22 15:24:00,,71.458087,City Road,State Highway,Grievous,2,0,1,1,0,0,1,0,1,0,Pedestrian Hit,Straight Road,Clear,Night - Street Light On,Moderate,Drunk Driving,2021-11-22,2021,11,15,Monday,Nov,2,0,4,Afternoon
ACC00828,Junagadh,Manavadar PS,2024-10-18 16:57:00,24.235285,74.301767,Bypass Road,National Highway,Damage Only,2,0,0,0,0,0,0,0,0,0,Rear-End,Speed Breaker,Hazy,Night - Street Light On,Unknown,No Seatbelt,2024-10-18,2024,10,16,Friday,Oct,0,0,0,Afternoon
ACC00829,Bhavnagar,Palitana PS,2022-07-26 10:16:00,24.36058,73.364429,SH-6,District Road,Grievous,1,0,1,2,0,0,0,0,1,0,Hit & Run,Flyover,Hazy,Dawn/Dusk,Good,Unknown,2022-07-26,2022,7,10,Tuesday,Jul,2,0,4,Morning
ACC00830,Anand,Petlad PS,2024-12-30 23:52:00,22.48259,69.560343,NH-53,State Highway,Minor,1,0,0,2,0,0,2,0,0,0,Rear-End,Speed Breaker,Hazy,Daylight,Moderate,Unknown,2024-12-30,2024,12,23,Monday,Dec,1,0,4,Night
ACC00831,Gandhinagar,Mansa PS,2022-11-12 17:08:00,20.302485,73.378779,NH-53,District Road,Minor,4,0,0,1,0,0,1,0,0,0,Pedestrian Hit,Pothole Area,Unknown,Daylight,Moderate,Unknown,2022-11-12,2022,11,17,Saturday,Nov,1,0,2,Afternoon
ACC00832,Bharuch,Vagra PS,2021-12-04 21:17:00,21.653335,68.172637,NH-48,Rural Road,Minor,2,0,0,3,0,0,2,0,0,0,Pedestrian Hit,Straight Road,Unknown,Daylight,Good,No Helmet,2021-12-04,2021,12,21,Saturday,Dec,1,0,5,Evening
ACC00833,Ahmedabad,Maninagar PS,2023-09-12 03:28:00,22.579544,73.061034,Expressway,Rural Road,Damage Only,1,0,0,0,0,0,0,0,0,0,Rollover,Unknown,Rainy,Night - No Street Light,Poor,No Seatbelt,2023-09-12,2023,9,3,Tuesday,Sep,0,0,0,Night
ACC00834,Junagadh,Veraval PS,2022-08-22 08:10:00,23.838723,71.731226,Bypass Road,State Highway,Damage Only,1,0,0,0,0,0,0,0,0,0,Side Impact,Flyover,Clear,Night - Street Light On,Moderate,Mobile Phone Use,2022-08-22,2022,8,8,Monday,Aug,0,0,0,Morning
ACC00835,Bharuch,Vagra PS,2023-08-19 01:32:00,20.220756,68.117612,SH-14,National Highway,Damage Only,3,0,0,0,0,0,0,0,0,0,Rear-End,Pothole Area,Foggy,Daylight,Poor,Unknown,2023-08-19,2023,8,1,Saturday,Aug,0,0,0,Night
ACC00836,Junagadh,Keshod PS,2023-04-10 12:36:00,21.999673,71.3236,SH-20,State Highway,Damage Only,1,0,0,0,0,0,0,0,0,0,Side Impact,Junction/Intersection,Foggy,Night - Street Light On,Unknown,Over Speeding,2023-04-10,2023,4,12,Monday,Apr,0,0,0,Afternoon
ACC00837,Mehsana,Mehsana City PS,2023-04-13 06:15:00,24.037718,71.993974,NH-8,Urban Road,Damage Only,1,0,0,0,0,0,0,0,0,0,Head-On,Flyover,Unknown,Night - Street Light On,Moderate,Drunk Driving,2023-04-13,2023,4,6,Thursday,Apr,0,0,0,Morning
ACC00838,Gandhinagar,Sector 21 PS,2021-09-08 12:16:00,20.671616,71.434525,NH-48,Urban Road,Grievous,2,0,1,2,0,2,1,0,0,0,Side Impact,Junction/Intersection,Unknown,Night - Street Light On,Unknown,Overloading,2021-09-08,2021,9,12,Wednesday,Sep,2,0,6,Afternoon
ACC00839,Anand,Khambhat PS,2022-05-12 04:43:00,23.304565,69.959452,NH-53,National Highway,Minor,2,0,0,1,0,0,0,0,0,1,Rollover,Pothole Area,Unknown,Night - No Street Light,Unknown,Mobile Phone Use,2022-05-12,2022,5,4,Thursday,May,1,0,2,Night
ACC00840,Vadodara,Waghodiya PS,2023-12-19 13:13:00,24.519559,71.010381,NH-48,National Highway,Minor,3,0,0,1,0,0,0,0,0,1,Pedestrian Hit,Pothole Area,Cloudy,Night - Street Light On,Poor,No Helmet,2023-12-19,2023,12,13,Tuesday,Dec,1,0,2,Afternoon
ACC00841,Rajkot,Kalavad Road PS,2022-11-28 17:43:00,20.981691,72.694252,City Road,State Highway,Damage Only,1,0,0,0,0,0,0,0,0,0,Head-On,Junction/Intersection,Cloudy,Night - No Street Light,Poor,Unknown,2022-11-28,2022,11,17,Monday,Nov,0,0,0,Afternoon
ACC00842,Rajkot,Rajkot Central PS,2023-01-25 07:35:00,22.486236,69.835229,Expressway,District Road,Damage Only,3,0,0,0,0,0,0,0,0,0,Rear-End,Flyover,Unknown,Daylight,Poor,Over Speeding,2023-01-25,2023,1,7,Wednesday,Jan,0,0,0,Morning
ACC00843,Surat,Varachha PS,2022-05-05 06:58:00,24.560767,69.324272,Airport Road,National Highway,Damage Only,0,0,0,0,0,0,0,0,0,0,Side Impact,Pothole Area,Clear,Dawn/Dusk,Moderate,Signal Jumping,2022-05-05,2022,5,6,Thursday,May,0,0,0,Morning
ACC00844,Ahmedabad,Naranpura PS,2024-12-27 19:29:00,23.417758,71.529581,Industrial Road,Rural Road,Minor,2,0,0,2,0,0,2,0,0,1,Rear-End,Straight Road,Unknown,Night - Street Light On,Unknown,Wrong Side Driving,2024-12-27,2024,12,19,Friday,Dec,1,0,5,Evening
ACC00845,Rajkot,Rajkot Central PS,2023-04-13 01:46:00,20.48578,72.896528,Bypass Road,District Road,Minor,1,0,0,1,0,0,0,0,0,0,Pedestrian Hit,Bridge,Clear,Dawn/Dusk,Unknown,Unknown,2023-04-13,2023,4,1,Thursday,Apr,1,0,1,Night
ACC00846,Surat,Udhna PS,2024-04-15 03:21:00,20.615267,71.862339,NH-48,National Highway,Minor,1,0,0,3,0,0,1,0,0,0,Rear-End,Junction/Intersection,Cloudy,Dawn/Dusk,Poor,Mobile Phone Use,2024-04-15,2024,4,3,Monday,Apr,1,0,4,Night
ACC00847,Bhavnagar,Sihor PS,2023-03-14 11:39:00,20.716061,70.060735,NH-27,State Highway,Fatal,3,0,1,1,0,2,0,1,1,0,Pedestrian Hit,Speed Breaker,Unknown,Night - No Street Light,Good,Unknown,2023-03-14,2023,3,11,Tuesday,Mar,3,1,5,Morning
ACC00848,Rajkot,Mavdi PS,2021-11-19 06:38:00,20.780259,69.832624,SH-20,State Highway,Fatal,4,2,1,0,0,1,0,1,1,1,Hit & Run,Junction/Intersection,Clear,Night - No Street Light,Moderate,Unknown,2021-11-19,2021,11,6,Friday,Nov,3,3,4,Morning
ACC00849,Anand,Anand City PS,2023-11-30 22:06:00,20.692418,68.213204,NH-48,National Highway,Fatal,4,2,0,1,0,1,2,0,1,0,Rear-End,Straight Road,Hazy,Night - Street Light On,Poor,No Seatbelt,2023-11-30,2023,11,22,Thursday,Nov,3,2,5,Night
ACC00850,Rajkot,Rajkot Central PS,2021-12-26 06:16:00,21.736659,71.307178,NH-53,Rural Road,Minor,2,0,0,3,0,0,0,0,0,1,Hit & Run,Bridge,Unknown,Dawn/Dusk,Unknown,Unknown,2021-12-26,2021,12,6,Sunday,Dec,1,0,4,Morning
ACC00851,Gandhinagar,Sector 21 PS,2021-08-26 07:19:00,20.122811,70.918809,SH-6,Rural Road,Minor,2,0,0,1,0,0,2,0,0,1,Side Impact,Bridge,Unknown,Night - Street Light On,Unknown,Over Speeding,2021-08-26,2021,8,7,Thursday,Aug,1,0,4,Morning
ACC00852,Bhavnagar,Bhavnagar City PS,2021-04-20 03:42:00,23.279096,,SH-41,State Highway,Minor,0,0,0,1,0,0,2,0,0,1,Head-On,Speed Breaker,Hazy,Daylight,Poor,Mobile Phone Use,2021-04-20,2021,4,3,Tuesday,Apr,1,0,4,Night
ACC00853,Gandhinagar,Dehgam PS,2021-12-06 12:48:00,22.734822,70.750649,Industrial Road,State Highway,Fatal,3,0,2,1,2,0,2,1,1,0,Rollover,Flyover,Unknown,Night - No Street Light,Unknown,Drunk Driving,2021-12-06,2021,12,12,Monday,Dec,3,3,6,Afternoon
ACC00854,Bhavnagar,Bhavnagar City PS,2022-08-26 00:49:00,21.524129,74.241579,SH-6,District Road,Grievous,4,0,3,1,0,0,2,0,0,1,Rear-End,Straight Road,Rainy,Night - Street Light On,Poor,Signal Jumping,2022-08-26,2022,8,0,Friday,Aug,2,0,7,Night
ACC00855,Junagadh,Porbandar PS,2021-11-14 12:40:00,23.613441,68.292278,Bypass Road,District Road,Minor,3,0,0,3,0,0,0,0,0,0,Rear-End,Junction/Intersection,Hazy,Night - Street Light On,Moderate,No Helmet,2021-11-14,2021,11,12,Sunday,Nov,1,0,3,Afternoon
ACC00856,Junagadh,Junagadh City PS,2022-08-07 00:57:00,21.974372,74.284068,Expressway,National Highway,Fatal,3,2,2,1,2,0,1,0,1,1,Rollover,Junction/Intersection,Clear,Night - Street Light On,Unknown,Unknown,2022-08-07,2022,8,0,Sunday,Aug,3,4,6,Night
ACC00857,Bharuch,Vagra PS,2024-07-14 02:59:00,20.168692,70.783509,City Road,Urban Road,Minor,3,0,0,1,0,0,1,0,0,1,Pedestrian Hit,Curve,Rainy,Night - No Street Light,Poor,Drunk Driving,2024-07-14,2024,7,2,Sunday,Jul,1,0,3,Night
ACC00858,Junagadh,Keshod PS,2022-05-08 18:50:00,24.008912,73.763662,SH-41,National Highway,Damage Only,4,0,0,0,0,0,0,0,0,0,Head-On,Curve,Cloudy,Night - Street Light On,Good,Over Speeding,2022-05-08,2022,5,18,Sunday,May,0,0,0,Evening
ACC00859,Bhavnagar,Palitana PS,2023-03-09 02:03:00,24.606393,69.37297,NH-27,National Highway,Minor,4,0,0,3,0,0,0,0,0,1,Single Vehicle,Speed Breaker,Foggy,Daylight,Good,Drunk Driving,2023-03-09,2023,3,2,Thursday,Mar,1,0,4,Night
ACC00860,Ahmedabad,Chandkheda PS,2024-07-13 19:04:00,21.578407,72.974022,SH-41,Rural Road,Grievous,2,0,3,0,0,0,1,0,1,1,Single Vehicle,Flyover,Hazy,Dawn/Dusk,Unknown,Unknown,2024-07-13,2024,7,19,Saturday,Jul,2,0,6,Evening
ACC00861,Surat,Adajan PS,2023-06-22 14:38:00,20.846637,70.928858,NH-53,National Highway,Fatal,1,2,1,1,0,0,0,1,1,0,Single Vehicle,Flyover,Cloudy,Night - Street Light On,Moderate,No Helmet,2023-06-22,2023,6,14,Thursday,Jun,3,3,3,Afternoon
ACC00862,Surat,Adajan PS,2023-12-10 21:34:00,24.563366,70.959359,NH-27,State Highway,Fatal,4,0,0,1,1,0,0,0,0,0,Rear-End,Junction/Intersection,Foggy,Night - Street Light On,Moderate,No Helmet,2023-12-10,2023,12,21,Sunday,Dec,3,1,1,Evening
ACC00863,Bhavnagar,Sihor PS,2021-01-01 12:07:00,22.040738,74.271129,SH-20,Urban Road,Fatal,2,0,1,1,1,2,1,0,0,0,Rear-End,Speed Breaker,Hazy,Night - No Street Light,Unknown,Drunk Driving,2021-01-01,2021,1,12,Friday,Jan,3,1,5,Afternoon
ACC00864,Bhavnagar,Talaja PS,2021-04-08 04:55:00,22.447236,68.695452,SH-14,District Road,Damage Only,4,0,0,0,0,0,0,0,0,0,Side Impact,Curve,Cloudy,Night - Street Light On,Poor,Drunk Driving,2021-04-08,2021,4,4,Thursday,Apr,0,0,0,Night
ACC00865,Mehsana,Patan PS,2021-08-10 04:57:00,23.738309,69.173005,NH-53,Urban Road,Minor,2,0,0,1,0,0,2,0,0,0,Head-On,Unknown,Rainy,Daylight,Unknown,Unknown,2021-08-10,2021,8,4,Tuesday,Aug,1,0,3,Night
ACC00866,Gandhinagar,Dehgam PS,2023-05-10 05:36:00,23.478921,72.70674,Industrial Road,State Highway,Minor,0,0,0,3,0,0,2,0,0,1,Hit & Run,Bridge,Rainy,Night - Street Light On,Good,Unknown,2023-05-10,2023,5,5,Wednesday,May,1,0,6,Night
ACC00867,Anand,Anand City PS,2022-11-25 07:36:00,24.51493,73.049328,Industrial Road,District Road,Minor,1,0,0,2,0,0,1,0,0,0,Rollover,Bridge,Cloudy,Daylight,Unknown,Overloading,2022-11-25,2022,11,7,Friday,Nov,1,0,3,Morning
ACC00868,Anand,Petlad PS,2021-10-28 00:23:00,21.830137,72.251136,NH-53,National Highway,Damage Only,3,0,0,0,0,0,0,0,0,0,Rear-End,Junction/Intersection,Foggy,Night - Street Light On,Good,No Seatbelt,2021-10-28,2021,10,0,Thursday,Oct,0,0,0,Night
ACC00869,Surat,Varachha PS,2024-01-10 14:59:00,21.31858,72.714685,Airport Road,State Highway,Grievous,4,0,3,1,0,2,0,0,0,1,Single Vehicle,Curve,Clear,Night - Street Light On,Poor,Unknown,2024-01-10,2024,1,14,Wednesday,Jan,2,0,7,Afternoon
ACC00870,Anand,Petlad PS,2024-06-01 17:18:00,24.093157,68.899307,NH-48,State Highway,Minor,3,0,0,3,0,0,1,0,0,0,Pedestrian Hit,Straight Road,Hazy,Night - Street Light On,Unknown,Unknown,2024-06-01,2024,6,17,Saturday,Jun,1,0,4,Afternoon
ACC00871,Gandhinagar,Dehgam PS,2022-11-23 23:39:00,22.995774,69.886465,Bypass Road,Urban Road,Minor,2,0,0,1,0,0,2,0,0,0,Single Vehicle,Bridge,Clear,Dawn/Dusk,Good,No Helmet,2022-11-23,2022,11,23,Wednesday,Nov,1,0,3,Night
ACC00872,Mehsana,Kadi PS,2023-09-06 06:34:00,23.120943,71.978172,SH-14,Urban Road,Fatal,4,1,2,1,2,2,1,0,0,0,Hit & Run,Speed Breaker,Clear,Dawn/Dusk,Unknown,Unknown,2023-09-06,2023,9,6,Wednesday,Sep,3,3,6,Morning
ACC00873,Bharuch,Amod PS,2024-03-27 06:31:00,20.275628,70.104999,Airport Road,State Highway,Minor,3,0,0,1,0,0,2,0,0,1,Head-On,Curve,Unknown,Night - Street Light On,Poor,Over Speeding,2024-03-27,2024,3,6,Wednesday,Mar,1,0,4,Morning
ACC00874,Anand,Borsad PS,2024-06-22 10:43:00,20.276253,69.157894,Airport Road,National Highway,Grievous,0,0,3,1,0,0,1,0,1,0,Rear-End,Junction/Intersection,Foggy,Night - No Street Light,Poor,Signal Jumping,2024-06-22,2024,6,10,Saturday,Jun,2,0,6,Morning
ACC00875,Bhavnagar,Talaja PS,2022-01-16 20:15:00,20.71225,71.729135,SH-14,Urban Road,Fatal,4,0,0,1,1,1,2,0,0,1,Pedestrian Hit,Flyover,Rainy,Night - Street Light On,Good,No Helmet,2022-01-16,2022,1,20,Sunday,Jan,3,1,5,Evening
ACC00876,Bharuch,Vagra PS,2021-12-10 18:10:00,22.809971,69.500304,Airport Road,District Road,Grievous,4,0,2,1,0,2,0,0,1,1,Rollover,Junction/Intersection,Clear,Night - Street Light On,Good,Unknown,2021-12-10,2021,12,18,Friday,Dec,2,0,7,Evening
ACC00877,Anand,Petlad PS,2022-10-27 00:39:00,22.343735,73.296631,SH-6,National Highway,Grievous,4,0,0,2,0,0,0,0,1,0,Head-On,Pothole Area,Hazy,Daylight,Good,Drunk Driving,2022-10-27,2022,10,0,Thursday,Oct,2,0,3,Night
ACC00878,Bhavnagar,Sihor PS,2022-07-06 01:05:00,21.066855,70.14905,Bypass Road,Rural Road,Damage Only,3,0,0,0,0,0,0,0,0,0,Head-On,Junction/Intersection,Rainy,Daylight,Moderate,Signal Jumping,2022-07-06,2022,7,1,Wednesday,Jul,0,0,0,Night
ACC00879,Bhavnagar,Sihor PS,2023-05-10 15:46:00,22.512814,70.785376,SH-41,Rural Road,Minor,1,0,0,2,0,0,0,0,0,0,Side Impact,Unknown,Hazy,Night - No Street Light,Moderate,Unknown,2023-05-10,2023,5,15,Wednesday,May,1,0,2,Afternoon
ACC00880,Bharuch,Ankleshwar PS,2023-07-25 12:39:00,24.68893,71.399442,Airport Road,National Highway,Minor,3,0,0,1,0,0,0,0,0,1,Head-On,Flyover,Rainy,Dawn/Dusk,Good,Mobile Phone Use,2023-07-25,2023,7,12,Tuesday,Jul,1,0,2,Afternoon
ACC00881,Anand,Vallabh Vidyanagar PS,2021-10-08 10:35:00,23.823202,68.467726,SH-20,District Road,Damage Only,3,0,0,0,0,0,0,0,0,0,Pedestrian Hit,Speed Breaker,Cloudy,Dawn/Dusk,Unknown,Mobile Phone Use,2021-10-08,2021,10,10,Friday,Oct,0,0,0,Morning
ACC00882,Vadodara,Fatehgunj PS,2023-10-07 22:21:00,24.622508,69.861567,City Road,National Highway,Minor,2,0,0,2,0,0,2,0,0,0,Side Impact,Bridge,Foggy,Night - No Street Light,Poor,Signal Jumping,2023-10-07,2023,10,22,Saturday,Oct,1,0,4,Night