Accident_ID,District,Police_Station,Accident_DateTime,Latitude,Longitude,Road_Name,Road_Classification,Severity,No_of_Vehicles,Drivers_Killed,Drivers_Grievous_Injury,Drivers_Minor_Injury,Passengers_Killed,Passengers_Grievous_Injury,Passengers_Minor_Injury,Pedestrians_Killed,Pedestrians_Grievous_Injury,Pedestrians_Minor_Injury,Collision_Type,Collision_Feature,Weather_Condition,Light_Condition,Visibility,Traffic_Violation,Date,Year,Month,Hour,DayOfWeek,Month_Name,Severity_Score,Total_Killed,Total_Injured,Time_Category
ACC00972,Surat,Udhna PS,2023-10-08 06:24:00,20.698036,69.900975,Bypass Road,Urban Road,Minor,0,0,0,2,0,0,1,0,0,0,Rollover,Speed Breaker,Clear,Night - Street Light On,Moderate,Wrong Side Driving,2023-10-08,2023,10,6,Sunday,Oct,1,0,3,Morning
ACC00973,Ahmedabad,Naranpura PS,2021-03-07 18:02:00,24.204796,68.392288,SH-6,Urban Road,Minor,1,0,0,1,0,0,0,0,0,0,Head-On,Speed Breaker,Hazy,Dawn/Dusk,Poor,Wrong Side Driving,2021-03-07,2021,3,18,Sunday,Mar,1,0,1,Evening
ACC00974,Anand,Borsad PS,2023-06-29 07:50:00,24.366585,72.373531,Bypass Road,State Highway,Fatal,2,0,0,1,0,0,0,1,0,0,Side Impact,Speed Breaker,Hazy,Dawn/Dusk,Poor,Unknown,2023-06-29,2023,6,7,Thursday,Jun,3,1,1,Morning
ACC00975,Anand,Vallabh Vidyanagar PS,2021-01-18 22:09:00,21.727126,69.711757,Bypass Road,State Highway,Minor,3,0,0,1,0,0,0,0,0,0,Head-On,Curve,Clear,Dawn/Dusk,Good,Drunk Driving,2021-01-18,2021,1,22,Monday,Jan,1,0,1,Night
ACC00976,Vadodara,Fatehgunj PS,2023-06-03 22:10:00,23.758204,69.176776,SH-20,National Highway,Grievous,3,0,1,2,0,0,1,0,1,0,Rollover,Speed Breaker,Hazy,Dawn/Dusk,Good,Unknown,2023-06-03,2023,6,22,Saturday,Jun,2,0,5,Night
ACC00977,Rajkot,Bhaktinagar PS,2023-01-31 10:35:00,23.459518,71.684543,Bypass Road,District Road,Minor,0,0,0,3,0,0,0,0,0,1,Single Vehicle,Curve,Unknown,Daylight,Unknown,Unknown,2023-01-31,2023,1,10,Tuesday,Jan,1,0,4,Morning
ACC00978,Rajkot,Kalawad PS,2024-01-01 22:38:00,20.408976,71.934536,NH-53,Rural Road,Damage Only,1,0,0,0,0,0,0,0,0,0,Rollover,Bridge,Rainy,Night - No Street Light,Poor,Mobile Phone Use,2024-01-01,2024,1,22,Monday,Jan,0,0,0,Night
ACC00979,Ahmedabad,Bapunagar PS,2021-10-10 05:46:00,20.847562,71.572559,Industrial Road,District Road,Minor,3,0,0,1,0,0,1,0,0,1,Side Impact,Pothole Area,Rainy,Night - Street Light On,Moderate,Over Speeding,2021-10-10,2021,10,5,Sunday,Oct,1,0,3,Night
ACC00980,Mehsana,Visnagar PS,2024-09-03 06:46:00,23.546808,68.791149,Ring Road,District Road,Minor,1,0,0,1,0,0,0,0,0,0,Side Impact,Pothole Area,Rainy,Daylight,Moderate,Unknown,2024-09-03,2024,9,6,Tuesday,Sep,1,0,1,Morning
ACC00981,Surat,Varachha PS,2024-11-26 04:14:00,20.700689,70.362804,NH-53,National Highway,Minor,1,0,0,2,0,0,1,0,0,0,Single Vehicle,Curve,Foggy,Night - Street Light On,Good,Signal Jumping,2024-11-26,2024,11,4,Tuesday,Nov,1,0,3,Night
ACC00982,Anand,Khambhat PS,2023-03-22 06:00:00,23.894441,73.096197,SH-6,Urban Road,Grievous,2,0,1,0,0,0,2,0,0,0,Pedestrian Hit,Bridge,Foggy,Dawn/Dusk,Good,Unknown,2023-03-22,2023,3,6,Wednesday,Mar,2,0,3,Morning
ACC00983,Anand,Anand City PS,2023-08-20 09:24:00,20.288033,71.766854,Airport Road,District Road,Minor,3,0,0,1,0,0,2,0,0,0,Rear-End,Flyover,Clear,Night - No Street Light,Moderate,Unknown,2023-08-20,2023,8,9,Sunday,Aug,1,0,3,Morning
ACC00984,Anand,Vallabh Vidyanagar PS,2021-11-05 18:05:00,21.033911,71.167142,Airport Road,National Highway,Grievous,1,0,1,1,0,1,0,0,0,0,Head-On,Speed Breaker,Foggy,Dawn/Dusk,Unknown,Overloading,2021-11-05,2021,11,18,Friday,Nov,2,0,3,Evening
ACC00985,Bhavnagar,Mahuva PS,2023-03-18 11:23:00,22.773582,73.034302,SH-14,State Highway,Fatal,3,2,1,1,0,1,0,0,0,1,Single Vehicle,Unknown,Cloudy,Dawn/Dusk,Moderate,Unknown,2023-03-18,2023,3,11,Saturday,Mar,3,2,4,Morning
ACC00986,Mehsana,Unjha PS,2021-09-23 05:24:00,24.157495,69.961762,NH-53,National Highway,Damage Only,3,0,0,0,0,0,0,0,0,0,Side Impact,Bridge,Unknown,Night - Street Light On,Poor,Unknown,2021-09-23,2021,9,5,Thursday,Sep,0,0,0,Night
ACC00987,Gandhinagar,Sector 7 PS,2021-07-27 21:32:00,23.026668,71.462946,Bypass Road,State Highway,Minor,2,0,0,3,0,0,1,0,0,0,Rollover,Speed Breaker,Clear,Dawn/Dusk,Moderate,Unknown,2021-07-27,2021,7,21,Tuesday,Jul,1,0,4,Evening
ACC00988,Bhavnagar,Mahuva PS,2024-10-30 12:16:00,22.674646,73.690378,Expressway,State Highway,Damage Only,2,0,0,0,0,0,0,0,0,0,Side Impact,Curve,Foggy,Daylight,Poor,Unknown,2024-10-30,2024,10,12,Wednesday,Oct,0,0,0,Afternoon
ACC00989,Rajkot,Mavdi PS,2022-06-18 06:52:00,23.271812,72.550357,SH-20,State Highway,Minor,3,0,0,2,0,0,2,0,0,1,Pedestrian Hit,Bridge,Cloudy,Daylight,Poor,Mobile Phone Use,2022-06-18,2022,6,6,Saturday,Jun,1,0,5,Morning
ACC00990,Bhavnagar,Talaja PS,2023-10-20 10:50:00,22.799402,73.124172,SH-14,Urban Road,Damage Only,4,0,0,0,0,0,0,0,0,0,Single Vehicle,Pothole Area,Foggy,Night - Street Light On,Poor,Wrong Side Driving,2023-10-20,2023,10,10,Friday,Oct,0,0,0,Morning
ACC00991,Bharuch,Amod PS,2023-08-26 08:25:00,23.449414,70.508539,NH-8,National Highway,Damage Only,3,0,0,0,0,0,0,0,0,0,Head-On,Junction/Intersection,Rainy,Daylight,Moderate,No Helmet,2023-08-26,2023,8,8,Saturday,Aug,0,0,0,Morning
ACC00992,Bharuch,Bharuch City PS,2024-01-02 22:58:00,,73.384262,Industrial Road,District Road,Minor,2,0,0,2,0,0,1,0,0,1,Side Impact,Flyover,Foggy,Night - Street Light On,Unknown,Unknown,2024-01-02,2024,1,22,Tuesday,Jan,1,0,4,Night
ACC00993,Anand,Khambhat PS,2023-07-04 05:07:00,21.201834,74.279276,NH-53,National Highway,Fatal,4,0,2,1,1,2,2,0,0,0,Rear-End,Pothole Area,Hazy,Daylight,Poor,Signal Jumping,2023-07-04,2023,7,5,Tuesday,Jul,3,1,7,Night
ACC00994,Vadodara,Manjalpur PS,2021-08-27 09:49:00,21.521153,68.45177,Industrial Road,Urban Road,Minor,1,0,0,1,0,0,2,0,0,0,Hit & Run,Flyover,Cloudy,Night - Street Light On,Good,Unknown,2021-08-27,2021,8,9,Friday,Aug,1,0,3,Morning
ACC00995,Mehsana,Patan PS,2022-12-31 05:09:00,20.465244,70.913795,Airport Road,State Highway,Minor,4,0,0,2,0,0,1,0,0,1,Side Impact,Curve,Foggy,Night - No Street Light,Moderate,No Seatbelt,2022-12-31,2022,12,5,Saturday,Dec,1,0,4,Night
ACC00996,Surat,Udhna PS,2023-10-16 06:41:00,24.100591,72.363244,Expressway,Urban Road,Grievous,4,0,1,1,0,1,2,0,1,1,Rollover,Junction/Intersection,Unknown,Night - Street Light On,Moderate,Overloading,2023-10-16,2023,10,6,Monday,Oct,2,0,7,Morning
ACC00997,Anand,Vallabh Vidyanagar PS,2022-02-04 14:00:00,24.290723,68.39384,NH-8,District Road,Fatal,3,1,0,0,2,1,0,0,0,0,Single Vehicle,Flyover,Rainy,Dawn/Dusk,Good,Over Speeding,2022-02-04,2022,2,14,Friday,Feb,3,3,1,Afternoon
ACC00998,Ahmedabad,Chandkheda PS,2022-01-17 10:29:00,24.44867,68.266759,SH-14,Urban Road,Minor,1,0,0,2,0,0,0,0,0,0,Rear-End,Pothole Area,Clear,Night - Street Light On,Unknown,Unknown,2022-01-17,2022,1,10,Monday,Jan,1,0,2,Morning
ACC00999,Rajkot,Rajkot Central PS,2022-02-10 12:39:00,23.362262,70.561822,Expressway,Rural Road,Fatal,2,2,0,0,1,0,0,1,1,0,Head-On,Curve,Hazy,Dawn/Dusk,Moderate,No Helmet,2022-02-10,2022,2,12,Thursday,Feb,3,4,1,Afternoon
ACC01000,Rajkot,Bhaktinagar PS,2022-01-25 16:38:00,20.106551,71.084193,Expressway,National Highway,Grievous,2,0,2,1,0,2,0,0,0,1,Pedestrian Hit,Flyover,Rainy,Night - No Street Light,Moderate,Signal Jumping,2022-01-25,2022,1,16,Tuesday,Jan,2,0,6,Afternoon
ACC01001,Mehsana,Kadi PS,2021-07-07 01:35:00,20.309584,71.924946,NH-8,State Highway,Grievous,1,0,2,0,0,0,0,0,0,1,Head-On,Flyover,Rainy,Night - Street Light On,Unknown,Over Speeding,2021-07-07,2021,7,1,Wednesday,Jul,2,0,3,Night
ACC01002,Bharuch,Amod PS,2022-04-01 17:43:00,24.52478,74.171042,Bypass Road,Rural Road,Grievous,4,0,2,0,0,1,1,0,0,0,Single Vehicle,Pothole Area,Cloudy,Night - No Street Light,Poor,No Seatbelt,2022-04-01,2022,4,17,Friday,Apr,2,0,4,Afternoon
ACC01003,Rajkot,Mavdi PS,2024-11-15 04:09:00,24.330356,72.098865,NH-8,State Highway,Minor,0,0,0,2,0,0,0,0,0,1,Rollover,Curve,Foggy,Night - Street Light On,Moderate,Signal Jumping,2024-11-15,2024,11,4,Friday,Nov,1,0,3,Night
ACC01004,Vadodara,Gotri PS,2022-11-23 06:23:00,24.241004,73.75166,NH-8,State Highway,Minor,1,0,0,2,0,0,1,0,0,1,Single Vehicle,Flyover,Rainy,Daylight,Good,Unknown,2022-11-23,2022,11,6,Wednesday,Nov,1,0,4,Morning
ACC01005,Gandhinagar,Sector 21 PS,2022-04-29 00:31:00,21.15393,70.02081,NH-27,National Highway,Minor,2,0,0,2,0,0,2,0,0,0,Single Vehicle,Curve,Clear,Daylight,Moderate,No Seatbelt,2022-04-29,2022,4,0,Friday,Apr,1,0,4,Night
ACC01006,Junagadh,Veraval PS,2024-09-21 12:14:00,23.412438,70.532533,SH-20,National Highway,Fatal,1,0,0,1,2,2,1,0,0,1,Single Vehicle,Bridge,Clear,Night - No Street Light,Poor,Mobile Phone Use,2024-09-21,2024,9,12,Saturday,Sep,3,2,5,Afternoon
ACC01007,Ahmedabad,Bapunagar PS,2024-10-10 10:21:00,20.177772,68.675341,Expressway,Rural Road,Fatal,4,1,0,1,0,0,0,0,0,1,Hit & Run,Curve,Hazy,Night - No Street Light,Unknown,Unknown,2024-10-10,2024,10,10,Thursday,Oct,3,1,2,Morning
ACC01008,Anand,Vallabh Vidyanagar PS,2024-09-27 00:04:00,23.099333,72.692474,NH-27,District Road,Minor,4,0,0,2,0,0,2,0,0,1,Rear-End,Curve,Hazy,Night - Street Light On,Unknown,Unknown,2024-09-27,2024,9,0,Friday,Sep,1,0,5,Night
ACC01009,Anand,Anand City PS,2024-03-05 16:30:00,20.858879,71.148398,NH-27,State Highway,Damage Only,4,0,0,0,0,0,0,0,0,0,Pedestrian Hit,Flyover,Rainy,Night - Street Light On,Unknown,Unknown,2024-03-05,2024,3,16,Tuesday,Mar,0,0,0,Afternoon
ACC01010,Surat,Adajan PS,2022-11-26 22:36:00,22.55992,71.531589,SH-20,National Highway,Minor,1,0,0,3,0,0,1,0,0,1,Rear-End,Curve,Unknown,Night - No Street Light,Moderate,Drunk Driving,2022-11-26,2022,11,22,Saturday,Nov,1,0,5,Night
ACC01011,Gandhinagar,Sector 7 PS,2021-03-05 16:43:00,22.759805,69.569002,NH-53,Rural Road,Minor,4,0,0,2,0,0,1,0,0,1,Head-On,Speed Breaker,Clear,Night - No Street Light,Good,No Helmet,2021-03-05,2021,3,16,Friday,Mar,1,0,4,Afternoon
ACC01012,Bhavnagar,Palitana PS,2022-08-05 15:00:00,20.105477,71.635953,Ring Road,Rural Road,Fatal,4,2,1,0,1,1,0,1,1,1,Side Impact,Pothole Area,Cloudy,Dawn/Dusk,Unknown,Mobile Phone Use,2022-08-05,2022,8,15,Friday,Aug,3,4,4,Afternoon
ACC01013,Surat,Varachha PS,2022-11-09 01:01:00,21.723815,71.062637,NH-48,State Highway,Grievous,4,0,1,0,0,2,2,0,0,1,Rollover,Junction/Intersection,Hazy,Dawn/Dusk,Moderate,Overloading,2022-11-09,2022,11,1,Wednesday,Nov,2,0,6,Night
ACC01014,Bhavnagar,Palitana PS,2022-04-02 10:13:00,21.806424,68.150129,SH-20,Urban Road,Damage Only,2,0,0,0,0,0,0,0,0,0,Side Impact,Speed Breaker,Rainy,Dawn/Dusk,Unknown,Unknown,2022-04-02,2022,4,10,Saturday,Apr,0,0,0,Morning
ACC01015,Anand,Khambhat PS,2022-04-26 02:54:00,21.433912,73.454615,SH-41,State Highway,Minor,4,0,0,1,0,0,1,0,0,1,Rollover,Speed Breaker,Cloudy,Night - No Street Light,Poor,No Seatbelt,2022-04-26,2022,4,2,Tuesday,Apr,1,0,3,Night
ACC01016,Gandhinagar,Mansa PS,2022-03-30 09:45:00,20.435772,71.955516,Ring Road,National Highway,Minor,4,0,0,2,0,0,0,0,0,1,Rollover,Speed Breaker,Rainy,Night - Street Light On,Poor,Mobile Phone Use,2022-03-30,2022,3,9,Wednesday,Mar,1,0,3,Morning
ACC01017,Anand,Khambhat PS,2021-02-05 16:48:00,23.12396,69.020456,NH-48,District Road,Damage Only,3,0,0,0,0,0,0,0,0,0,Rollover,Bridge,Rainy,Dawn/Dusk,Moderate,Unknown,2021-02-05,2021,2,16,Friday,Feb,0,0,0,Afternoon
ACC01018,Ahmedabad,Maninagar PS,2021-11-19 03:00:00,23.597145,68.485585,NH-53,District Road,Grievous,3,0,2,0,0,2,2,0,1,1,Head-On,Flyover,Clear,Dawn/Dusk,Poor,Mobile Phone Use,2021-11-19,2021,11,3,Friday,Nov,2,0,8,Night
ACC01019,Bharuch,Vagra PS,2024-04-14 04:54:00,20.271545,,SH-14,National Highway,Grievous,2,0,1,2,0,0,0,0,0,1,Side Impact,Flyover,Foggy,Dawn/Dusk,Good,Signal Jumping,2024-04-14,2024,4,4,Sunday,Apr,2,0,4,Night
ACC01020,Vadodara,Sayajigunj PS,2022-02-22 23:55:00,24.04897,71.43122,Industrial Road,State Highway,Grievous,4,0,3,0,0,0,2,0,1,0,Hit & Run,Speed Breaker,Foggy,Dawn/Dusk,Good,Unknown,2022-02-22,2022,2,23,Tuesday,Feb,2,0,6,Night
ACC01021,Bharuch,Amod PS,2022-09-04 06:16:00,21.924124,68.556618,Airport Road,Urban Road,Minor,2,0,0,3,0,0,2,0,0,0,Rollover,Curve,Foggy,Night - Street Light On,Moderate,No Seatbelt,2022-09-04,2022,9,6,Sunday,Sep,1,0,5,Morning
ACC01022,Surat,Katargam PS,2022-02-04 09:29:00,21.319566,68.779023,SH-14,District Road,Fatal,1,0,0,0,2,1,0,1,0,0,Rear-End,Pothole Area,Hazy,Dawn/Dusk,Unknown,Unknown,2022-02-04,2022,2,9,Friday,Feb,3,3,1,Morning
ACC01023,Ahmedabad,Bodakdev PS,2023-06-17 09:04:00,20.966289,69.409388,SH-20,Urban Road,Minor,3,0,0,2,0,0,0,0,0,1,Head-On,Speed Breaker,Foggy,Daylight,Moderate,Signal Jumping,2023-06-17,2023,6,9,Saturday,Jun,1,0,3,Morning
ACC01024,Vadodara,Manjalpur PS,2022-11-21 23:55:00,23.590369,68.940902,NH-53,National Highway,Minor,4,0,0,3,0,0,0,0,0,0,Rollover,Straight Road,Rainy,Daylight,Moderate,No Helmet,2022-11-21,2022,11,23,Monday,Nov,1,0,3,Night
ACC01025,Rajkot,Rajkot Central PS,2022-04-16 00:14:00,21.978141,72.724598,NH-27,District Road,Fatal,4,0,0,1,1,0,2,1,1,0,Single Vehicle,Flyover,Cloudy,Night - No Street Light,Good,Overloading,2022-04-16,2022,4,0,Saturday,Apr,3,2,4,Night
ACC01026,Bharuch,Ankleshwar PS,2021-04-25 02:57:00,21.16182,72.94837,SH-41,District Road,Minor,2,0,0,3,0,0,1,0,0,1,Hit & Run,Straight Road,Rainy,Night - No Street Light,Moderate,Over Speeding,2021-04-25,2021,4,2,Sunday,Apr,1,0,5,Night
ACC01027,Ahmedabad,Bapunagar PS,2021-02-03 02:29:00,24.505014,68.934137,NH-48,National Highway,Damage Only,4,0,0,0,0,0,0,0,0,0,Side Impact,Flyover,Unknown,Dawn/Dusk,Poor,Unknown,2021-02-03,2021,2,2,Wednesday,Feb,0,0,0,Night
ACC01028,Ahmedabad,Bodakdev PS,2024-08-08 20:44:00,23.894265,72.020481,SH-41,Urban Road,Minor,2,0,0,3,0,0,1,0,0,0,Rollover,Curve,Foggy,Daylight,Unknown,No Helmet,2024-08-08,2024,8,20,Thursday,Aug,1,0,4,Evening
ACC01029,Mehsana,Unjha PS,2022-11-27 16:55:00,20.927442,68.35265,Industrial Road,District Road,Minor,2,0,0,1,0,0,1,0,0,0,Pedestrian Hit,Bridge,Cloudy,Night - No Street Light,Poor,Unknown,2022-11-27,2022,11,16,Sunday,Nov,1,0,2,Afternoon
ACC01030,Rajkot,Kalawad PS,2024-03-20 02:50:00,20.697957,68.397022,Airport Road,Urban Road,Minor,1,0,0,3,0,0,0,0,0,1,Hit & Run,Straight Road,Rainy,Night - No Street Light,Unknown,Unknown,2024-03-20,2024,3,2,Wednesday,Mar,1,0,4,Night
ACC01031,Surat,Adajan PS,2022-08-20 22:02:00,24.389649,70.320887,Industrial Road,National Highway,Minor,4,0,0,1,0,0,0,0,0,0,Rollover,Pothole Area,Foggy,Night - Street Light On,Poor,Drunk Driving,2022-08-20,2022,8,22,Saturday,Aug,1,0,1,Night
ACC01032,Vadodara,Manjalpur PS,2023-03-06 23:16:00,22.664759,68.235223,SH-41,Urban Road,Minor,3,0,0,3,0,0,1,0,0,1,Side Impact,Straight Road,Cloudy,Night - Street Light On,Unknown,Unknown,2023-03-06,2023,3,23,Monday,Mar,1,0,5,Night
ACC01033,Rajkot,Mavdi PS,2021-01-04 22:34:00,21.030841,70.002864,SH-41,National Highway,Minor,3,0,0,2,0,0,0,0,0,0,Head-On,Flyover,Hazy,Dawn/Dusk,Poor,Over Speeding,2021-01-04,2021,1,22,Monday,Jan,1,0,2,Night
ACC01034,Surat,Varachha PS,2024-06-11 21:24:00,23.248032,72.926359,SH-20,State Highway,Grievous,4,0,3,2,0,0,0,0,1,1,Rear-End,Bridge,Cloudy,Night - No Street Light,Moderate,No Seatbelt,2024-06-11,2024,6,21,Tuesday,Jun,2,0,7,Evening
ACC01035,Rajkot,Kalavad Road PS,2022-01-14 14:58:00,21.566971,73.845906,Industrial Road,National Highway,Grievous,1,0,3,0,0,0,0,0,0,1,Rear-End,Unknown,Clear,Dawn/Dusk,Poor,Unknown,2022-01-14,2022,1,14,Friday,Jan,2,0,4,Afternoon
ACC01036,Vadodara,Gotri PS,2022-08-09 03:04:00,24.077553,70.68623,NH-48,Urban Road,Minor,2,0,0,2,0,0,2,0,0,0,Rear-End,Junction/Intersection,Unknown,Dawn/Dusk,Moderate,No Seatbelt,2022-08-09,2022,8,3,Tuesday,Aug,1,0,4,Night
ACC01037,Anand,Vallabh Vidyanagar PS,2024-06-28 23:18:00,24.488195,70.474994,SH-20,State Highway,Damage Only,2,0,0,0,0,0,0,0,0,0,Single Vehicle,Speed Breaker,Clear,Night - No Street Light,Good,Wrong Side Driving,2024-06-28,2024,6,23,Friday,Jun,0,0,0,Night
ACC01038,Ahmedabad,Maninagar PS,2024-09-02 17:48:00,20.300603,73.465506,SH-6,Urban Road,Damage Only,1,0,0,0,0,0,0,0,0,0,Single Vehicle,Straight Road,Unknown,Daylight,Moderate,Signal Jumping,2024-09-02,2024,9,17,Monday,Sep,0,0,0,Afternoon
ACC01039,Vadodara,Sayajigunj PS,2023-02-02 23:18:00,24.293804,70.446684,NH-53,State Highway,Minor,1,0,0,1,0,0,2,0,0,0,Pedestrian Hit,Bridge,Hazy,Dawn/Dusk,Unknown,Mobile Phone Use,2023-02-02,2023,2,23,Thursday,Feb,1,0,3,Night
ACC01040,Junagadh,Veraval PS,2022-06-21 17:34:00,21.522798,68.941461,SH-41,Rural Road,Minor,4,0,0,1,0,0,1,0,0,1,Single Vehicle,Unknown,Cloudy,Night - Street Light On,Unknown,Overloading,2022-06-21,2022,6,17,Tuesday,Jun,1,0,3,Afternoon
ACC01041,Anand,Borsad PS,2022-08-01 12:47:00,23.528637,72.662589,SH-6,National Highway,Fatal,2,1,1,0,0,0,2,0,1,0,Side Impact,Straight Road,Hazy,Night - Street Light On,Unknown,Signal Jumping,2022-08-01,2022,8,12,Monday,Aug,3,1,4,Afternoon
ACC01042,Vadodara,Gotri PS,2022-06-03 17:13:00,20.618732,74.007264,Industrial Road,District Road,Damage Only,4,0,0,0,0,0,0,0,0,0,Pedestrian Hit,Flyover,Clear,Daylight,Unknown,Unknown,2022-06-03,2022,6,17,Friday,Jun,0,0,0,Afternoon
ACC01043,Vadodara,Manjalpur PS,2024-04-19 19:38:00,21.377351,68.708171,NH-53,District Road,Minor,4,0,0,2,0,0,1,0,0,0,Rollover,Straight Road,Unknown,Daylight,Good,Wrong Side Driving,2024-04-19,2024,4,19,Friday,Apr,1,0,3,Evening
ACC01044,Vadodara,Sayajigunj PS,2021-05-08 00:22:00,23.54078,69.318368,Ring Road,National Highway,Minor,3,0,0,1,0,0,2,0,0,0,Rear-End,Straight Road,Foggy,Daylight,Poor,Signal Jumping,2021-05-08,2021,5,0,Saturday,May,1,0,3,Night
ACC01045,Junagadh,Junagadh City PS,2022-12-29 17:44:00,22.022477,69.176771,NH-8,Urban Road,Grievous,4,0,2,0,0,0,1,0,0,0,Rollover,Straight Road,Clear,Dawn/Dusk,Unknown,Unknown,2022-12-29,2022,12,17,Thursday,Dec,2,0,3,Afternoon
ACC01046,Junagadh,Keshod PS,2023-10-25 19:57:00,23.732177,69.451288,Bypass Road,Urban Road,Damage Only,4,0,0,0,0,0,0,0,0,0,Hit & Run,Straight Road,Hazy,Night - No Street Light,Good,Unknown,2023-10-25,2023,10,19,Wednesday,Oct,0,0,0,Evening
ACC01047,Vadodara,Manjalpur PS,2023-07-21 03:15:00,21.501633,68.105169,NH-27,State Highway,Minor,2,0,0,1,0,0,2,0,0,0,Rear-End,Speed Breaker,Rainy,Night - Street Light On,Moderate,Unknown,2023-07-21,2023,7,3,Friday,Jul,1,0,3,Night
ACC01048,Bharuch,Ankleshwar PS,2023-08-03 23:38:00,20.391183,72.561957,NH-8,State Highway,Minor,1,0,0,3,0,0,0,0,0,1,Single Vehicle,Straight Road,Cloudy,Dawn/Dusk,Unknown,No Seatbelt,2023-08-03,2023,8,23,Thursday,Aug,1,0,4,Night
ACC01049,Bharuch,Amod PS,2021-12-09 00:40:00,22.575841,72.221392,SH-14,District Road,Minor,1,0,0,2,0,0,2,0,0,0,Rear-End,Speed Breaker,Rainy,Dawn/Dusk,Unknown,No Seatbelt,2021-12-09,2021,12,0,Thursday,Dec,1,0,4,Night
ACC01050,Bharuch,Amod PS,2023-05-09 18:54:00,21.235969,70.304644,Bypass Road,Urban Road,Grievous,3,0,2,2,0,1,2,0,1,0,Rear-End,Straight Road,Unknown,Night - Street Light On,Unknown,No Seatbelt,2023-05-09,2023,5,18,Tuesday,May,2,0,8,Evening
ACC01051,Bhavnagar,Bhavnagar City PS,2021-10-11 10:28:00,22.937016,73.713988,NH-53,Rural Road,Minor,3,0,0,1,0,0,0,0,0,0,Side Impact,Speed Breaker,Foggy,Dawn/Dusk,Good,Overloading,2021-10-11,2021,10,10,Monday,Oct,1,0,1,Morning
ACC01052,Mehsana,Visnagar PS,2024-07-08 15:09:00,21.995226,74.3812,NH-27,National Highway,Minor,1,0,0,3,0,0,2,0,0,1,Pedestrian Hit,Speed Breaker,Cloudy,Dawn/Dusk,Good,Unknown,2024-07-08,2024,7,15,Monday,Jul,1,0,6,Afternoon
ACC01053,Gandhinagar,Kalol PS,2022-06-07 17:22:00,24.012798,69.837538,Airport Road,Urban Road,Grievous,4,0,2,0,0,2,1,0,0,1,Rear-End,Flyover,Hazy,Night - No Street Light,Good,No Seatbelt,2022-06-07,2022,6,17,Tuesday,Jun,2,0,6,Afternoon
ACC01054,Anand,Petlad PS,2024-01-04 17:06:00,21.44765,68.276113,SH-14,Urban Road,Damage Only,3,0,0,0,0,0,0,0,0,0,Side Impact,Unknown,Hazy,Night - Street Light On,Unknown,Over Speeding,2024-01-04,2024,1,17,Thursday,Jan,0,0,0,Afternoon
ACC01055,Vadodara,Sayajigunj PS,2021-03-06 05:25:00,22.209932,69.926231,Industrial Road,State Highway,Damage Only,3,0,0,0,0,0,0,0,0,0,Head-On,Unknown,Hazy,Night - Street Light On,Poor,Unknown,2021-03-06,2021,3,5,Saturday,Mar,0,0,0,Night
ACC01056,Bharuch,Amod PS,2021-08-02 07:00:00,22.58227,73.612084,NH-8,National Highway,Grievous,1,0,2,2,0,0,1,0,0,0,Head-On,Junction/Intersection,Unknown,Night - Street Light On,Unknown,Mobile Phone Use,2021-08-02,2021,8,7,Monday,Aug,2,0,5,Morning
ACC01057,Mehsana,Visnagar PS,2021-01-27 01:00:00,23.226422,72.886565,Ring Road,National Highway,Damage Only,0,0,0,0,0,0,0,0,0,0,Head-On,Flyover,Hazy,Night - No Street Light,Moderate,Over Speeding,2021-01-27,2021,1,1,Wednesday,Jan,0,0,0,Night
ACC01058,Anand,Khambhat PS,2021-07-18 17:16:00,20.981277,71.510583,SH-41,Urban Road,Grievous,1,0,2,2,0,1,0,0,0,0,Side Impact,Speed Breaker,Clear,Dawn/Dusk,Good,Unknown,2021-07-18,2021,7,17,Sunday,Jul,2,0,5,Afternoon
ACC01059,Ahmedabad,Maninagar PS,2023-05-26 11:56:00,20.318985,69.962446,SH-14,State Highway,Minor,3,0,0,2,0,0,2,0,0,1,Rear-End,Straight Road,Cloudy,Dawn/Dusk,Poor,Unknown,2023-05-26,2023,5,11,Friday,May,1,0,5,Morning
ACC01060,Bharuch,Ankleshwar PS,2022-09-09 01:24:00,23.679346,73.834016,Industrial Road,National Highway,Damage Only,2,0,0,0,0,0,0,0,0,0,Rollover,Bridge,Rainy,Night - No Street Light,Unknown,Signal Jumping,2022-09-09,2022,9,1,Friday,Sep,0,0,0,Night