Accident_ID,District,Police_Station,Accident_DateTime,Latitude,Longitude,Road_Name,Road_Classification,Severity,No_of_Vehicles,Drivers_Killed,Drivers_Grievous_Injury,Drivers_Minor_Injury,Passengers_Killed,Passengers_Grievous_Injury,Passengers_Minor_Injury,Pedestrians_Killed,Pedestrians_Grievous_Injury,Pedestrians_Minor_Injury,Collision_Type,Collision_Feature,Weather_Condition,Light_Condition,Visibility,Traffic_Violation,Date,Year,Month,Hour,DayOfWeek,Month_Name,Severity_Score,Total_Killed,Total_Injured,Time_Category
ACC01237,Mehsana,Unjha PS,2022-10-02 04:02:00,22.692198,70.996969,SH-14,Rural Road,Minor,3,0,0,1,0,0,2,0,0,1,Rollover,Junction/Intersection,Hazy,Night - No Street Light,Good,Unknown,2022-10-02,2022,10,4,Sunday,Oct,1,0,4,Night
ACC01238,Gandhinagar,Dehgam PS,2021-11-22 06:00:00,23.571227,71.920155,NH-8,District Road,Damage Only,4,0,0,0,0,0,0,0,0,0,Single Vehicle,Bridge,Unknown,Night - No Street Light,Good,Unknown,2021-11-22,2021,11,6,Monday,Nov,0,0,0,Morning
ACC01239,Vadodara,Fatehgunj PS,2024-08-17 07:10:00,22.075069,70.371745,Airport Road,National Highway,Minor,4,0,0,2,0,0,2,0,0,0,Hit & Run,Flyover,Foggy,Night - Street Light On,Unknown,No Seatbelt,2024-08-17,2024,8,7,Saturday,Aug,1,0,4,Morning
ACC01240,Ahmedabad,Bodakdev PS,2022-01-30 22:00:00,20.936249,72.24038,City Road,National Highway,Minor,2,0,0,2,0,0,0,0,0,1,Single Vehicle,Straight Road,Hazy,Daylight,Unknown,Unknown,2022-01-30,2022,1,22,Sunday,Jan,1,0,3,Night
ACC01241,Bharuch,Jhagadia PS,2024-02-28 09:26:00,22.831111,70.748573,NH-53,State Highway,Damage Only,4,0,0,0,0,0,0,0,0,0,Rear-End,Pothole Area,Rainy,Night - Street Light On,Unknown,Drunk Driving,2024-02-28,2024,2,9,Wednesday,Feb,0,0,0,Morning
ACC01242,Bhavnagar,Mahuva PS,2024-04-01 00:09:00,21.148795,71.711216,NH-48,Rural Road,Fatal,0,0,0,1,2,1,2,1,0,1,Single Vehicle,Flyover,Cloudy,Night - No Street Light,Poor,Unknown,2024-04-01,2024,4,0,Monday,Apr,3,3,5,Night
ACC01243,Mehsana,Kadi PS,2023-10-14 10:20:00,22.514224,73.634724,Airport Road,District Road,Damage Only,1,0,0,0,0,0,0,0,0,0,Rollover,Straight Road,Cloudy,Night - Street Light On,Unknown,Unknown,2023-10-14,2023,10,10,Saturday,Oct,0,0,0,Morning
ACC01244,Bharuch,Amod PS,2021-05-13 10:31:00,22.666001,71.312545,Industrial Road,District Road,Damage Only,0,0,0,0,0,0,0,0,0,0,Pedestrian Hit,Bridge,Rainy,Dawn/Dusk,Moderate,Unknown,2021-05-13,2021,5,10,Thursday,May,0,0,0,Morning
ACC01245,Junagadh,Manavadar PS,2023-06-27 13:13:00,24.061725,72.417061,Ring Road,District Road,Grievous,1,0,2,2,0,0,2,0,0,0,Head-On,Speed Breaker,Cloudy,Daylight,Moderate,Drunk Driving,2023-06-27,2023,6,13,Tuesday,Jun,2,0,6,Afternoon
ACC01246,Bhavnagar,Mahuva PS,2023-12-08 20:24:00,23.707035,72.932201,SH-41,State Highway,Grievous,1,0,1,0,0,2,1,0,0,0,Pedestrian Hit,Unknown,Cloudy,Daylight,Unknown,No Seatbelt,2023-12-08,2023,12,20,Friday,Dec,2,0,4,Evening
ACC01247,Mehsana,Unjha PS,2024-04-22 17:09:00,22.890799,69.831876,Expressway,Urban Road,Grievous,2,0,2,2,0,1,0,0,1,1,Rollover,Flyover,Cloudy,Night - No Street Light,Unknown,Over Speeding,2024-04-22,2024,4,17,Monday,Apr,2,0,7,Afternoon
ACC01248,Mehsana,Patan PS,2024-06-11 13:55:00,23.456186,74.238811,SH-20,District Road,Minor,2,0,0,3,0,0,0,0,0,0,Side Impact,Straight Road,Cloudy,Dawn/Dusk,Moderate,Drunk Driving,2024-06-11,2024,6,13,Tuesday,Jun,1,0,3,Afternoon
ACC01249,Bharuch,Jhagadia PS,2022-11-28 20:02:00,23.631106,73.80193,SH-20,District Road,Damage Only,0,0,0,0,0,0,0,0,0,0,Rear-End,Speed Breaker,Cloudy,Night - Street Light On,Poor,Mobile Phone Use,2022-11-28,2022,11,20,Monday,Nov,0,0,0,Evening
ACC01250,Surat,Varachha PS,2023-01-23 16:34:00,24.570549,70.043983,Bypass Road,Rural Road,Minor,3,0,0,1,0,0,0,0,0,1,Head-On,Pothole Area,Clear,Night - Street Light On,Moderate,Unknown,2023-01-23,2023,1,16,Monday,Jan,1,0,2,Afternoon
ACC01251,Junagadh,Porbandar PS,2021-08-22 10:40:00,23.868023,71.890965,Expressway,Urban Road,Minor,2,0,0,3,0,0,1,0,0,1,Head-On,Bridge,Cloudy,Dawn/Dusk,Good,Signal Jumping,2021-08-22,2021,8,10,Sunday,Aug,1,0,5,Morning
ACC01252,Bharuch,Vagra PS,2023-11-16 09:16:00,22.275932,68.25586,NH-8,District Road,Damage Only,1,0,0,0,0,0,0,0,0,0,Rear-End,Bridge,Unknown,Dawn/Dusk,Poor,Over Speeding,2023-11-16,2023,11,9,Thursday,Nov,0,0,0,Morning
ACC01253,Anand,Vallabh Vidyanagar PS,2021-10-03 19:20:00,23.58856,69.41237,NH-27,State Highway,Fatal,2,2,2,0,1,2,1,0,0,0,Side Impact,Bridge,Foggy,Dawn/Dusk,Moderate,Unknown,2021-10-03,2021,10,19,Sunday,Oct,3,3,5,Evening
ACC01254,Vadodara,Gotri PS,2021-07-01 10:35:00,23.344016,69.131168,SH-41,Urban Road,Minor,3,0,0,3,0,0,2,0,0,1,Rear-End,Junction/Intersection,Clear,Dawn/Dusk,Poor,Drunk Driving,2021-07-01,2021,7,10,Thursday,Jul,1,0,6,Morning
ACC01255,Junagadh,Keshod PS,2024-04-09 13:51:00,24.454977,69.989314,NH-8,Urban Road,Damage Only,3,0,0,0,0,0,0,0,0,0,Hit & Run,Pothole Area,Foggy,Dawn/Dusk,Moderate,Drunk Driving,2024-04-09,2024,4,13,Tuesday,Apr,0,0,0,Afternoon
ACC01256,Bhavnagar,Talaja PS,2024-01-21 09:41:00,22.984713,73.970915,Industrial Road,National Highway,Damage Only,0,0,0,0,0,0,0,0,0,0,Head-On,Bridge,Clear,Night - No Street Light,Good,Signal Jumping,2024-01-21,2024,1,9,Sunday,Jan,0,0,0,Morning
ACC01257,Ahmedabad,Bapunagar PS,2024-09-22 03:25:00,20.430304,69.906079,NH-27,State Highway,Minor,3,0,0,3,0,0,0,0,0,1,Rear-End,Junction/Intersection,Foggy,Dawn/Dusk,Unknown,Over Speeding,2024-09-22,2024,9,3,Sunday,Sep,1,0,4,Night
ACC01258,Mehsana,Visnagar PS,2021-02-22 23:08:00,23.407242,70.651929,City Road,District Road,Damage Only,3,0,0,0,0,0,0,0,0,0,Single Vehicle,Curve,Clear,Night - Street Light On,Unknown,Unknown,2021-02-22,2021,2,23,Monday,Feb,0,0,0,Night
ACC01259,Surat,Piplod PS,2024-08-15 18:24:00,20.960957,69.288228,Ring Road,National Highway,Minor,4,0,0,1,0,0,0,0,0,0,Hit & Run,Speed Breaker,Unknown,Dawn/Dusk,Unknown,No Seatbelt,2024-08-15,2024,8,18,Thursday,Aug,1,0,1,Evening
ACC01260,Bharuch,Vagra PS,2022-05-08 08:11:00,24.339909,73.448887,NH-53,Urban Road,Minor,4,0,0,2,0,0,2,0,0,0,Rear-End,Curve,Foggy,Daylight,Good,Wrong Side Driving,2022-05-08,2022,5,8,Sunday,May,1,0,4,Morning
ACC01261,Anand,Borsad PS,2023-01-04 19:47:00,,70.949739,NH-27,Urban Road,Fatal,3,0,0,0,2,0,0,0,1,1,Side Impact,Junction/Intersection,Foggy,Dawn/Dusk,Good,Mobile Phone Use,2023-01-04,2023,1,19,Wednesday,Jan,3,2,2,Evening
ACC01262,Anand,Khambhat PS,2023-06-09 09:08:00,21.833713,71.562388,SH-6,State Highway,Grievous,4,0,3,2,0,1,0,0,0,0,Hit & Run,Bridge,Rainy,Daylight,Poor,Unknown,2023-06-09,2023,6,9,Friday,Jun,2,0,6,Morning
ACC01263,Mehsana,Kadi PS,2023-02-09 08:51:00,22.896137,73.941952,NH-8,Urban Road,Grievous,2,0,2,1,0,1,2,0,1,1,Pedestrian Hit,Straight Road,Rainy,Night - No Street Light,Poor,Drunk Driving,2023-02-09,2023,2,8,Thursday,Feb,2,0,8,Morning
ACC01264,Vadodara,Fatehgunj PS,2023-12-29 17:14:00,21.483174,74.127223,NH-27,State Highway,Damage Only,4,0,0,0,0,0,0,0,0,0,Side Impact,Junction/Intersection,Cloudy,Daylight,Poor,Unknown,2023-12-29,2023,12,17,Friday,Dec,0,0,0,Afternoon
ACC01265,Gandhinagar,Dehgam PS,2022-02-10 04:22:00,21.299286,70.985327,Airport Road,National Highway,Damage Only,3,0,0,0,0,0,0,0,0,0,Hit & Run,Junction/Intersection,Rainy,Daylight,Moderate,Over Speeding,2022-02-10,2022,2,4,Thursday,Feb,0,0,0,Night
ACC01266,Surat,Piplod PS,2022-10-22 09:15:00,23.092905,71.337147,NH-48,Urban Road,Damage Only,4,0,0,0,0,0,0,0,0,0,Single Vehicle,Junction/Intersection,Hazy,Daylight,Good,Drunk Driving,2022-10-22,2022,10,9,Saturday,Oct,0,0,0,Morning
ACC01267,Rajkot,Rajkot Central PS,2022-10-02 06:37:00,20.523656,69.541692,Bypass Road,State Highway,Fatal,1,2,2,0,1,1,2,0,1,1,Rollover,Pothole Area,Clear,Daylight,Unknown,Unknown,2022-10-02,2022,10,6,Sunday,Oct,3,3,7,Morning
ACC01268,Gandhinagar,Sector 7 PS,2022-11-09 14:53:00,23.054648,68.114487,SH-41,Urban Road,Damage Only,3,0,0,0,0,0,0,0,0,0,Hit & Run,Pothole Area,Rainy,Night - Street Light On,Good,No Helmet,2022-11-09,2022,11,14,Wednesday,Nov,0,0,0,Afternoon
ACC01269,Vadodara,Fatehgunj PS,2021-01-26 12:02:00,20.998093,71.263876,SH-41,Urban Road,Fatal,2,1,1,0,2,0,0,0,1,0,Side Impact,Pothole Area,Foggy,Daylight,Poor,Signal Jumping,2021-01-26,2021,1,12,Tuesday,Jan,3,3,2,Afternoon
ACC01270,Mehsana,Mehsana City PS,2021-07-31 10:04:00,23.497263,68.220288,SH-41,Urban Road,Minor,2,0,0,2,0,0,0,0,0,0,Hit & Run,Curve,Rainy,Night - Street Light On,Moderate,Signal Jumping,2021-07-31,2021,7,10,Saturday,Jul,1,0,2,Morning
ACC01271,Bharuch,Ankleshwar PS,2024-04-17 04:11:00,20.317081,72.226595,NH-27,Urban Road,Minor,3,0,0,3,0,0,1,0,0,0,Single Vehicle,Flyover,Clear,Daylight,Good,Wrong Side Driving,2024-04-17,2024,4,4,Wednesday,Apr,1,0,4,Night
ACC01272,Rajkot,Bhaktinagar PS,2021-07-26 06:14:00,21.772639,74.118748,NH-27,Urban Road,Minor,3,0,0,2,0,0,0,0,0,0,Pedestrian Hit,Curve,Unknown,Night - No Street Light,Poor,No Seatbelt,2021-07-26,2021,7,6,Monday,Jul,1,0,2,Morning
ACC01273,Gandhinagar,Sector 7 PS,2023-10-23 12:19:00,21.470566,73.096223,NH-53,National Highway,Minor,1,0,0,3,0,0,2,0,0,1,Side Impact,Bridge,Cloudy,Night - Street Light On,Poor,Signal Jumping,2023-10-23,2023,10,12,Monday,Oct,1,0,6,Afternoon
ACC01274,Rajkot,Kalawad PS,2023-07-19 20:42:00,24.262589,69.843386,Industrial Road,National Highway,Minor,4,0,0,1,0,0,1,0,0,0,Rollover,Junction/Intersection,Rainy,Dawn/Dusk,Moderate,No Helmet,2023-07-19,2023,7,20,Wednesday,Jul,1,0,2,Evening
ACC01275,Anand,Borsad PS,2023-01-30 10:36:00,21.330551,70.557546,NH-53,State Highway,Fatal,3,0,0,1,1,1,0,1,0,1,Side Impact,Flyover,Unknown,Daylight,Unknown,No Seatbelt,2023-01-30,2023,1,10,Monday,Jan,3,2,3,Morning
ACC01276,Gandhinagar,Kalol PS,2022-07-09 12:27:00,23.167847,71.635516,Expressway,State Highway,Fatal,3,0,2,1,2,1,0,1,1,0,Single Vehicle,Bridge,Rainy,Night - No Street Light,Moderate,Signal Jumping,2022-07-09,2022,7,12,Saturday,Jul,3,3,5,Afternoon
ACC01277,Mehsana,Mehsana City PS,2021-11-17 20:29:00,23.310074,69.338049,City Road,Urban Road,Damage Only,3,0,0,0,0,0,0,0,0,0,Rollover,Junction/Intersection,Foggy,Night - Street Light On,Poor,No Seatbelt,2021-11-17,2021,11,20,Wednesday,Nov,0,0,0,Evening
ACC01278,Junagadh,Porbandar PS,2022-05-20 21:36:00,23.710044,71.491919,SH-14,National Highway,Damage Only,3,0,0,0,0,0,0,0,0,0,Rollover,Pothole Area,Rainy,Daylight,Unknown,Drunk Driving,2022-05-20,2022,5,21,Friday,May,0,0,0,Evening
ACC01279,Rajkot,Bhaktinagar PS,2021-06-20 03:25:00,22.470238,71.009999,NH-48,District Road,Grievous,1,0,3,1,0,0,0,0,1,0,Rear-End,Unknown,Rainy,Dawn/Dusk,Moderate,No Seatbelt,2021-06-20,2021,6,3,Sunday,Jun,2,0,5,Night
ACC01280,Junagadh,Manavadar PS,2023-05-18 15:35:00,20.187855,70.535564,SH-14,National Highway,Minor,3,0,0,2,0,0,1,0,0,0,Rollover,Curve,Clear,Night - No Street Light,Unknown,Wrong Side Driving,2023-05-18,2023,5,15,Thursday,May,1,0,3,Afternoon
ACC01281,Bharuch,Jhagadia PS,2021-10-23 23:37:00,23.011039,72.525947,SH-20,Urban Road,Minor,3,0,0,1,0,0,0,0,0,1,Pedestrian Hit,Flyover,Rainy,Daylight,Unknown,Signal Jumping,2021-10-23,2021,10,23,Saturday,Oct,1,0,2,Night
ACC01282,Bhavnagar,Talaja PS,2023-11-02 21:05:00,20.605252,72.52585,Ring Road,National Highway,Fatal,1,1,1,0,2,2,0,0,0,0,Single Vehicle,Bridge,Clear,Dawn/Dusk,Unknown,Unknown,2023-11-02,2023,11,21,Thursday,Nov,3,3,3,Evening
ACC01283,Ahmedabad,Bodakdev PS,2021-08-09 05:22:00,22.727608,72.989245,SH-6,State Highway,Grievous,2,0,2,0,0,0,1,0,1,1,Rollover,Pothole Area,Hazy,Daylight,Good,Wrong Side Driving,2021-08-09,2021,8,5,Monday,Aug,2,0,5,Night
ACC01284,Mehsana,Unjha PS,2024-11-05 08:34:00,21.394655,71.53662,Expressway,State Highway,Grievous,2,0,1,0,0,2,1,0,0,0,Side Impact,Straight Road,Clear,Dawn/Dusk,Unknown,Unknown,2024-11-05,2024,11,8,Tuesday,Nov,2,0,4,Morning
ACC01285,Anand,Anand City PS,2022-08-03 18:41:00,23.149417,68.256966,SH-41,Urban Road,Damage Only,1,0,0,0,0,0,0,0,0,0,Side Impact,Curve,Clear,Night - Street Light On,Unknown,No Seatbelt,2022-08-03,2022,8,18,Wednesday,Aug,0,0,0,Evening
ACC01286,Anand,Petlad PS,2021-03-09 23:04:00,22.87022,69.009591,SH-41,State Highway,Damage Only,3,0,0,0,0,0,0,0,0,0,Pedestrian Hit,Speed Breaker,Unknown,Night - No Street Light,Poor,Unknown,2021-03-09,2021,3,23,Tuesday,Mar,0,0,0,Night
ACC01287,Vadodara,Sayajigunj PS,2022-03-06 10:12:00,20.382364,74.30153,NH-27,State Highway,Minor,1,0,0,2,0,0,1,0,0,0,Hit & Run,Speed Breaker,Clear,Night - Street Light On,Unknown,Over Speeding,2022-03-06,2022,3,10,Sunday,Mar,1,0,3,Morning
ACC01288,Ahmedabad,Bodakdev PS,2021-08-26 06:56:00,23.344956,70.049454,SH-41,State Highway,Minor,1,0,0,1,0,0,2,0,0,0,Pedestrian Hit,Unknown,Rainy,Night - No Street Light,Unknown,Unknown,2021-08-26,2021,8,6,Thursday,Aug,1,0,3,Morning
ACC01289,Gandhinagar,Sector 21 PS,2021-09-02 04:53:00,24.014988,68.96132,Bypass Road,Rural Road,Minor,3,0,0,2,0,0,1,0,0,1,Single Vehicle,Speed Breaker,Rainy,Dawn/Dusk,Unknown,Unknown,2021-09-02,2021,9,4,Thursday,Sep,1,0,4,Night
ACC01290,Anand,Vallabh Vidyanagar PS,2024-05-24 02:15:00,24.534325,72.114059,SH-14,State Highway,Minor,2,0,0,3,0,0,0,0,0,0,Rollover,Pothole Area,Cloudy,Daylight,Poor,Signal Jumping,2024-05-24,2024,5,2,Friday,May,1,0,3,Night
ACC01291,Bharuch,Jhagadia PS,2021-04-09 02:45:00,24.332374,68.423815,Industrial Road,National Highway,Damage Only,3,0,0,0,0,0,0,0,0,0,Single Vehicle,Pothole Area,Rainy,Dawn/Dusk,Good,No Seatbelt,2021-04-09,2021,4,2,Friday,Apr,0,0,0,Night
ACC01292,Bharuch,Jhagadia PS,2021-12-09 10:11:00,22.385501,68.572826,NH-53,District Road,Minor,3,0,0,3,0,0,2,0,0,1,Single Vehicle,Bridge,Unknown,Daylight,Unknown,Unknown,2021-12-09,2021,12,10,Thursday,Dec,1,0,6,Morning
ACC01293,Anand,Borsad PS,2024-05-23 09:32:00,24.468335,68.467632,SH-20,District Road,Minor,3,0,0,3,0,0,1,0,0,0,Head-On,Pothole Area,Unknown,Night - No Street Light,Unknown,Overloading,2024-05-23,2024,5,9,Thursday,May,1,0,4,Morning
ACC01294,Bharuch,Jhagadia PS,2023-10-31 09:56:00,24.656406,72.663789,Bypass Road,National Highway,Minor,1,0,0,2,0,0,1,0,0,0,Rear-End,Curve,Unknown,Night - No Street Light,Unknown,No Helmet,2023-10-31,2023,10,9,Tuesday,Oct,1,0,3,Morning
ACC01295,Mehsana,Mehsana City PS,2024-09-20 01:05:00,24.695101,68.800759,SH-6,State Highway,Minor,1,0,0,3,0,0,2,0,0,1,Head-On,Bridge,Hazy,Dawn/Dusk,Moderate,Mobile Phone Use,2024-09-20,2024,9,1,Friday,Sep,1,0,6,Night
ACC01296,Ahmedabad,Naranpura PS,2021-01-08 20:52:00,22.590879,69.813243,NH-8,Urban Road,Damage Only,4,0,0,0,0,0,0,0,0,0,Pedestrian Hit,Curve,Hazy,Night - Street Light On,Good,Overloading,2021-01-08,2021,1,20,Friday,Jan,0,0,0,Evening
ACC01297,Vadodara,Fatehgunj PS,2023-10-25 23:07:00,24.102835,68.982044,NH-53,District Road,Minor,3,0,0,2,0,0,1,0,0,0,Rollover,Curve,Hazy,Night - Street Light On,Poor,Over Speeding,2023-10-25,2023,10,23,Wednesday,Oct,1,0,3,Night
ACC01298,Junagadh,Keshod PS,2023-01-04 19:37:00,20.246969,68.345786,NH-8,National Highway,Minor,1,0,0,1,0,0,1,0,0,0,Rollover,Speed Breaker,Clear,Night - Street Light On,Poor,Drunk Driving,2023-01-04,2023,1,19,Wednesday,Jan,1,0,2,Evening
ACC01299,Bharuch,Ankleshwar PS,2022-10-15 14:59:00,23.62426,68.926888,SH-41,State Highway,Minor,1,0,0,3,0,0,1,0,0,0,Head-On,Bridge,Foggy,Daylight,Poor,Overloading,2022-10-15,2022,10,14,Saturday,Oct,1,0,4,Afternoon
ACC01300,Surat,Katargam PS,2024-01-12 00:54:00,24.216793,69.9125,SH-41,State Highway,Fatal,1,2,2,1,1,1,1,1,0,1,Single Vehicle,Curve,Foggy,Daylight,Poor,Signal Jumping,2024-01-12,2024,1,0,Friday,Jan,3,4,6,Night
ACC01301,Junagadh,Junagadh City PS,2021-12-25 02:41:00,22.655141,68.242209,SH-6,District Road,Fatal,0,2,2,0,0,2,2,0,1,1,Pedestrian Hit,Speed Breaker,Unknown,Daylight,Moderate,Overloading,2021-12-25,2021,12,2,Saturday,Dec,3,2,8,Night
ACC01302,Rajkot,Kalawad PS,2024-05-06 18:00:00,21.626895,70.270228,Bypass Road,Urban Road,Grievous,1,0,3,1,0,2,1,0,1,0,Pedestrian Hit,Speed Breaker,Foggy,Daylight,Poor,Signal Jumping,2024-05-06,2024,5,18,Monday,May,2,0,8,Evening
ACC01303,Bharuch,Ankleshwar PS,2023-12-01 19:51:00,20.167954,68.405367,SH-20,National Highway,Minor,1,0,0,1,0,0,1,0,0,1,Hit & Run,Curve,Cloudy,Night - No Street Light,Poor,Overloading,2023-12-01,2023,12,19,Friday,Dec,1,0,3,Evening
ACC01304,Vadodara,Manjalpur PS,2023-04-29 02:59:00,23.153858,71.802799,Airport Road,National Highway,Grievous,4,0,2,2,0,2,2,0,1,0,Head-On,Curve,Unknown,Daylight,Poor,Wrong Side Driving,2023-04-29,2023,4,2,Saturday,Apr,2,0,9,Night
ACC01305,Gandhinagar,Mansa PS,2022-09-10 14:49:00,24.054534,73.157056,NH-8,Urban Road,Fatal,2,0,1,0,1,1,0,0,1,0,Head-On,Pothole Area,Rainy,Night - Street Light On,Moderate,Mobile Phone Use,2022-09-10,2022,9,14,Saturday,Sep,3,1,3,Afternoon
ACC01306,Ahmedabad,Chandkheda PS,2022-12-02 07:55:00,20.596857,70.086549,SH-14,Urban Road,Fatal,0,0,1,0,0,0,1,1,0,0,Pedestrian Hit,Straight Road,Cloudy,Night - Street Light On,Unknown,Unknown,2022-12-02,2022,12,7,Friday,Dec,3,1,2,Morning
ACC01307,Rajkot,Mavdi PS,2024-06-24 10:43:00,21.750647,73.444438,SH-20,State Highway,Minor,3,0,0,1,0,0,0,0,0,1,Single Vehicle,Flyover,Rainy,Dawn/Dusk,Moderate,Over Speeding,2024-06-24,2024,6,10,Monday,Jun,1,0,2,Morning
ACC01308,Anand,Vallabh Vidyanagar PS,2024-11-14 19:38:00,20.826486,74.093054,Industrial Road,State Highway,Fatal,2,0,1,0,1,2,1,0,1,0,Rear-End,Straight Road,Foggy,Daylight,Unknown,Overloading,2024-11-14,2024,11,19,Thursday,Nov,3,1,5,Evening
ACC01309,Surat,Adajan PS,2022-03-30 04:52:00,20.251878,73.38571,Industrial Road,State Highway,Grievous,2,0,2,0,0,2,0,0,0,0,Rear-End,Junction/Intersection,Hazy,Night - No Street Light,Good,Signal Jumping,2022-03-30,2022,3,4,Wednesday,Mar,2,0,4,Night
ACC01310,Bhavnagar,Sihor PS,2024-08-09 07:13:00,21.138187,68.633942,NH-48,Urban Road,Grievous,4,0,1,0,0,1,1,0,1,1,Head-On,Straight Road,Rainy,Night - No Street Light,Unknown,Drunk Driving,2024-08-09,2024,8,7,Friday,Aug,2,0,5,Morning
ACC01311,Ahmedabad,Bapunagar PS,2023-01-25 11:38:00,23.444633,72.016389,NH-53,Urban Road,Damage Only,0,0,0,0,0,0,0,0,0,0,Rear-End,Unknown,Foggy,Night - Street Light On,Moderate,Wrong Side Driving,2023-01-25,2023,1,11,Wednesday,Jan,0,0,0,Morning
ACC01312,Anand,Borsad PS,2023-08-12 17:49:00,21.624889,72.723676,SH-41,State Highway,Damage Only,2,0,0,0,0,0,0,0,0,0,Rear-End,Flyover,Unknown,Daylight,Poor,No Helmet,2023-08-12,2023,8,17,Saturday,Aug,0,0,0,Afternoon
ACC01313,Bhavnagar,Bhavnagar City PS,2021-06-14 21:28:00,22.068378,70.79647,NH-48,State Highway,Damage Only,1,0,0,0,0,0,0,0,0,0,Side Impact,Bridge,Unknown,Dawn/Dusk,Good,Signal Jumping,2021-06-14,2021,6,21,Monday,Jun,0,0,0,Evening
ACC01314,Bhavnagar,Sihor PS,2024-02-09 02:52:00,21.5773,70.662711,NH-27,National Highway,Minor,1,0,0,2,0,0,1,0,0,1,Pedestrian Hit,Straight Road,Rainy,Night - Street Light On,Moderate,Drunk Driving,2024-02-09,2024,2,2,Friday,Feb,1,0,4,Night
ACC01315,Surat,Adajan PS,2024-07-12 15:40:00,21.642378,69.350062,Bypass Road,District Road,Grievous,3,0,3,2,0,1,1,0,1,0,Head-On,Speed Breaker,Rainy,Daylight,Moderate,No Seatbelt,2024-07-12,2024,7,15,Friday,Jul,2,0,8,Afternoon
ACC01316,Ahmedabad,Naranpura PS,2022-08-09 04:38:00,20.199238,72.802683,Bypass Road,District Road,Minor,2,0,0,1,0,0,1,0,0,1,Pedestrian Hit,Curve,Hazy,Night - Street Light On,Moderate,Drunk Driving,2022-08-09,2022,8,4,Tuesday,Aug,1,0,3,Night
ACC01317,Bharuch,Amod PS,2024-09-11 20:32:00,21.847951,74.216662,NH-8,National Highway,Grievous,3,0,1,2,0,0,1,0,0,0,Rollover,Straight Road,Cloudy,Night - Street Light On,Unknown,No Seatbelt,2024-09-11,2024,9,20,Wednesday,Sep,2,0,4,Evening
ACC01318,Ahmedabad,Naranpura PS,2022-07-17 21:55:00,21.884042,72.512075,Ring Road,Urban Road,Minor,4,0,0,1,0,0,1,0,0,1,Side Impact,Bridge,Rainy,Night - No Street Light,Good,Signal Jumping,2022-07-17,2022,7,21,Sunday,Jul,1,0,3,Evening
ACC01319,Bharuch,Ankleshwar PS,2022-05-25 15:53:00,21.904359,70.531188,Bypass Road,Rural Road,Minor,2,0,0,2,0,0,2,0,0,1,Hit & Run,Bridge,Hazy,Night - No Street Light,Unknown,Signal Jumping,2022-05-25,2022,5,15,Wednesday,May,1,0,5,Afternoon
ACC01320,Bharuch,Bharuch City PS,2021-02-14 09:26:00,21.548547,71.745145,Industrial Road,Rural Road,Minor,1,0,0,2,0,0,0,0,0,1,Hit & Run,Speed Breaker,Foggy,Daylight,Moderate,Unknown,2021-02-14,2021,2,9,Sunday,Feb,1,0,3,Morning
ACC01321,Anand,Borsad PS,2022-01-03 19:14:00,23.329905,71.781133,SH-6,State Highway,Fatal,1,1,0,0,1,0,0,1,1,1,Side Impact,Junction/Intersection,Rainy,Daylight,Moderate,Unknown,2022-01-03,2022,1,19,Monday,Jan,3,3,2,Evening
ACC01322,Mehsana,Patan PS,2024-11-13 22:42:00,20.128761,74.226534,Expressway,Urban Road,Minor,1,0,0,2,0,0,0,0,0,0,Rollover,Curve,Foggy,Daylight,Poor,Unknown,2024-11-13,2024,11,22,Wednesday,Nov,1,0,2,Night
ACC01323,Rajkot,Bhaktinagar PS,2023-12-21 04:05:00,22.655303,74.045585,NH-53,National Highway,Grievous,3,0,1,1,0,1,2,0,1,1,Pedestrian Hit,Bridge,Unknown,Night - Street Light On,Good,Unknown,2023-12-21,2023,12,4,Thursday,Dec,2,0,7,Night
ACC01324,Mehsana,Mehsana City PS,2023-03-21 06:26:00,23.186151,73.038087,NH-8,Rural Road,Minor,1,0,0,1,0,0,2,0,0,1,Rollover,Straight Road,Clear,Daylight,Moderate,Signal Jumping,2023-03-21,2023,3,6,Tuesday,Mar,1,0,4,Morning
ACC01325,Junagadh,Veraval PS,2021-09-17 12:52:00,24.537572,69.388934,NH-8,State Highway,Minor,2,0,0,3,0,0,2,0,0,0,Rear-End,Bridge,Unknown,Dawn/Dusk,Good,Unknown,2021-09-17,2021,9,12,Friday,Sep,1,0,5,Afternoon