Accident_ID,District,Police_Station,Accident_DateTime,Latitude,Longitude,Road_Name,Road_Classification,Severity,No_of_Vehicles,Drivers_Killed,Drivers_Grievous_Injury,Drivers_Minor_Injury,Passengers_Killed,Passengers_Grievous_Injury,Passengers_Minor_Injury,Pedestrians_Killed,Pedestrians_Grievous_Injury,Pedestrians_Minor_Injury,Collision_Type,Collision_Feature,Weather_Condition,Light_Condition,Visibility,Traffic_Violation,Date,Year,Month,Hour,DayOfWeek,Month_Name,Severity_Score,Total_Killed,Total_Injured,Time_Category
ACC01326,Mehsana,Mehsana City PS,2024-11-29 06:24:00,,72.366224,Industrial Road,State Highway,Grievous,3,0,3,2,0,0,0,0,0,0,Side Impact,Speed Breaker,Rainy,Daylight,Poor,No Seatbelt,2024-11-29,2024,11,6,Friday,Nov,2,0,5,Morning
ACC01327,Gandhinagar,Dehgam PS,2023-01-27 02:58:00,21.089685,72.214428,SH-41,State Highway,Fatal,3,2,0,0,2,2,2,0,1,0,Head-On,Junction/Intersection,Foggy,Dawn/Dusk,Good,Overloading,2023-01-27,2023,1,2,Friday,Jan,3,4,5,Night
ACC01328,Gandhinagar,Sector 21 PS,2021-05-06 09:03:00,20.393822,73.729836,SH-20,Urban Road,Minor,2,0,0,2,0,0,1,0,0,0,Head-On,Flyover,Foggy,Night - Street Light On,Good,Mobile Phone Use,2021-05-06,2021,5,9,Thursday,May,1,0,3,Morning
ACC01329,Bharuch,Jhagadia PS,2023-11-02 01:12:00,23.040144,70.64089,SH-20,Urban Road,Damage Only,1,0,0,0,0,0,0,0,0,0,Hit & Run,Straight Road,Cloudy,Dawn/Dusk,Poor,Over Speeding,2023-11-02,2023,11,1,Thursday,Nov,0,0,0,Night
ACC01330,Bhavnagar,Bhavnagar City PS,2021-11-13 14:50:00,20.572454,71.420826,Airport Road,State Highway,Minor,1,0,0,2,0,0,2,0,0,1,Single Vehicle,Bridge,Unknown,Daylight,Unknown,Drunk Driving,2021-11-13,2021,11,14,Saturday,Nov,1,0,5,Afternoon
ACC01331,Anand,Petlad PS,2023-05-16 03:05:00,22.262105,70.862807,Industrial Road,District Road,Damage Only,1,0,0,0,0,0,0,0,0,0,Single Vehicle,Curve,Unknown,Night - Street Light On,Moderate,No Seatbelt,2023-05-16,2023,5,3,Tuesday,May,0,0,0,Night
ACC01332,Mehsana,Mehsana City PS,2022-10-20 00:21:00,22.567025,69.710176,City Road,State Highway,Minor,3,0,0,1,0,0,1,0,0,0,Rollover,Junction/Intersection,Cloudy,Night - No Street Light,Unknown,Signal Jumping,2022-10-20,2022,10,0,Thursday,Oct,1,0,2,Night
ACC01333,Rajkot,Bhaktinagar PS,2024-09-05 18:49:00,20.850235,70.621132,NH-53,District Road,Grievous,1,0,3,0,0,2,1,0,1,1,Head-On,Flyover,Unknown,Dawn/Dusk,Poor,Unknown,2024-09-05,2024,9,18,Thursday,Sep,2,0,8,Evening
ACC01334,Anand,Petlad PS,2023-09-21 19:55:00,23.848021,68.140698,NH-8,National Highway,Minor,4,0,0,3,0,0,2,0,0,0,Rollover,Curve,Cloudy,Night - Street Light On,Unknown,No Seatbelt,2023-09-21,2023,9,19,Thursday,Sep,1,0,5,Evening
ACC01335,Gandhinagar,Mansa PS,2021-05-23 20:23:00,23.366554,68.892426,Airport Road,Urban Road,Grievous,4,0,1,0,0,2,2,0,0,1,Side Impact,Bridge,Clear,Night - Street Light On,Good,Unknown,2021-05-23,2021,5,20,Sunday,May,2,0,6,Evening
ACC01336,Surat,Adajan PS,2022-04-04 17:55:00,20.867819,71.09323,Bypass Road,District Road,Grievous,2,0,3,2,0,2,1,0,0,1,Single Vehicle,Straight Road,Clear,Night - No Street Light,Moderate,No Helmet,2022-04-04,2022,4,17,Monday,Apr,2,0,9,Afternoon
ACC01337,Surat,Piplod PS,2021-05-06 00:28:00,20.773564,68.991803,SH-41,Urban Road,Grievous,1,0,0,1,0,1,2,0,1,1,Side Impact,Junction/Intersection,Unknown,Night - No Street Light,Unknown,Wrong Side Driving,2021-05-06,2021,5,0,Thursday,May,2,0,6,Night
ACC01338,Ahmedabad,Bapunagar PS,2024-12-28 13:59:00,22.76627,68.78252,SH-20,Urban Road,Grievous,3,0,3,0,0,2,2,0,0,1,Single Vehicle,Junction/Intersection,Cloudy,Dawn/Dusk,Unknown,No Seatbelt,2024-12-28,2024,12,13,Saturday,Dec,2,0,8,Afternoon
ACC01339,Rajkot,Kalavad Road PS,2022-06-29 00:01:00,21.786569,73.291956,SH-14,State Highway,Fatal,2,2,2,0,0,1,0,0,0,0,Rear-End,Bridge,Unknown,Night - No Street Light,Moderate,Overloading,2022-06-29,2022,6,0,Wednesday,Jun,3,2,3,Night
ACC01340,Mehsana,Mehsana City PS,2023-01-12 22:18:00,21.218935,68.818311,Bypass Road,National Highway,Minor,1,0,0,1,0,0,1,0,0,0,Pedestrian Hit,Straight Road,Clear,Night - No Street Light,Good,Drunk Driving,2023-01-12,2023,1,22,Thursday,Jan,1,0,2,Night
ACC01341,Anand,Anand City PS,2021-03-04 16:02:00,21.703786,69.41629,SH-14,State Highway,Damage Only,3,0,0,0,0,0,0,0,0,0,Pedestrian Hit,Junction/Intersection,Hazy,Dawn/Dusk,Moderate,Wrong Side Driving,2021-03-04,2021,3,16,Thursday,Mar,0,0,0,Afternoon
ACC01342,Gandhinagar,Dehgam PS,2023-10-22 22:13:00,24.214382,68.779121,Industrial Road,National Highway,Grievous,4,0,2,2,0,2,1,0,0,0,Hit & Run,Straight Road,Foggy,Dawn/Dusk,Moderate,Unknown,2023-10-22,2023,10,22,Sunday,Oct,2,0,7,Night
ACC01343,Surat,Katargam PS,2021-07-07 15:44:00,23.124039,69.021392,Airport Road,State Highway,Fatal,2,1,2,0,0,2,2,0,0,0,Rear-End,Speed Breaker,Foggy,Night - No Street Light,Moderate,Overloading,2021-07-07,2021,7,15,Wednesday,Jul,3,1,6,Afternoon
ACC01344,Junagadh,Porbandar PS,2024-09-22 01:05:00,23.532902,70.113666,Industrial Road,National Highway,Minor,0,0,0,2,0,0,2,0,0,0,Head-On,Junction/Intersection,Foggy,Night - Street Light On,Moderate,Overloading,2024-09-22,2024,9,1,Sunday,Sep,1,0,4,Night
ACC01345,Surat,Katargam PS,2022-04-26 10:57:00,23.115092,71.869118,NH-8,District Road,Minor,1,0,0,3,0,0,0,0,0,0,Pedestrian Hit,Flyover,Clear,Daylight,Good,Over Speeding,2022-04-26,2022,4,10,Tuesday,Apr,1,0,3,Morning
ACC01346,Ahmedabad,Bapunagar PS,2023-06-28 16:07:00,23.823894,73.290883,NH-48,District Road,Minor,2,0,0,3,0,0,2,0,0,0,Rear-End,Curve,Foggy,Night - No Street Light,Good,No Helmet,2023-06-28,2023,6,16,Wednesday,Jun,1,0,5,Afternoon
ACC01347,Bhavnagar,Sihor PS,2021-04-12 08:45:00,22.140015,69.627381,Ring Road,National Highway,Minor,4,0,0,3,0,0,0,0,0,1,Hit & Run,Pothole Area,Clear,Daylight,Moderate,Signal Jumping,2021-04-12,2021,4,8,Monday,Apr,1,0,4,Morning
ACC01348,Bhavnagar,Talaja PS,2023-07-29 22:16:00,23.995299,73.841572,SH-6,Rural Road,Minor,2,0,0,3,0,0,2,0,0,0,Head-On,Flyover,Clear,Daylight,Poor,Unknown,2023-07-29,2023,7,22,Saturday,Jul,1,0,5,Night
ACC01349,Surat,Piplod PS,2023-06-06 15:59:00,22.160177,74.266011,NH-27,Urban Road,Grievous,4,0,1,2,0,1,1,0,0,1,Rollover,Straight Road,Unknown,Night - No Street Light,Moderate,Unknown,2023-06-06,2023,6,15,Tuesday,Jun,2,0,6,Afternoon
ACC01350,Ahmedabad,Bodakdev PS,2023-09-22 13:30:00,20.552151,70.608209,NH-53,Urban Road,Minor,3,0,0,1,0,0,0,0,0,1,Single Vehicle,Flyover,Rainy,Dawn/Dusk,Moderate,No Seatbelt,2023-09-22,2023,9,13,Friday,Sep,1,0,2,Afternoon
ACC01351,Vadodara,Manjalpur PS,2023-04-03 05:37:00,22.055525,71.342756,Expressway,District Road,Damage Only,4,0,0,0,0,0,0,0,0,0,Rollover,Unknown,Unknown,Night - Street Light On,Unknown,Unknown,2023-04-03,2023,4,5,Monday,Apr,0,0,0,Night
ACC01352,Ahmedabad,Bodakdev PS,2022-10-28 05:11:00,23.04779,72.598992,Industrial Road,National Highway,Fatal,1,0,1,1,1,0,1,1,1,1,Head-On,Speed Breaker,Hazy,Night - Street Light On,Poor,Unknown,2022-10-28,2022,10,5,Friday,Oct,3,2,5,Night
ACC01353,Bhavnagar,Palitana PS,2023-02-18 09:01:00,20.96462,74.14543,Airport Road,Urban Road,Damage Only,1,0,0,0,0,0,0,0,0,0,Head-On,Straight Road,Unknown,Night - No Street Light,Good,Overloading,2023-02-18,2023,2,9,Saturday,Feb,0,0,0,Morning
ACC01354,Anand,Khambhat PS,2023-09-16 17:37:00,20.421867,71.818457,SH-41,National Highway,Grievous,1,0,3,1,0,0,1,0,1,0,Side Impact,Junction/Intersection,Clear,Dawn/Dusk,Good,Unknown,2023-09-16,2023,9,17,Saturday,Sep,2,0,6,Afternoon
ACC01355,Surat,Udhna PS,2024-05-20 05:16:00,23.338428,74.071733,Airport Road,National Highway,Grievous,2,0,1,2,0,2,0,0,0,0,Pedestrian Hit,Junction/Intersection,Unknown,Dawn/Dusk,Good,Unknown,2024-05-20,2024,5,5,Monday,May,2,0,5,Night
ACC01356,Ahmedabad,Naranpura PS,2021-11-04 10:40:00,,70.565978,City Road,Urban Road,Minor,3,0,0,1,0,0,0,0,0,0,Head-On,Curve,Hazy,Daylight,Unknown,Unknown,2021-11-04,2021,11,10,Thursday,Nov,1,0,1,Morning
ACC01357,Rajkot,Mavdi PS,2023-04-16 19:13:00,23.016344,,NH-53,State Highway,Grievous,3,0,2,0,0,2,2,0,0,1,Head-On,Unknown,Cloudy,Night - Street Light On,Good,Signal Jumping,2023-04-16,2023,4,19,Sunday,Apr,2,0,7,Evening
ACC01358,Gandhinagar,Dehgam PS,2023-07-14 11:15:00,23.745983,74.363097,Expressway,National Highway,Grievous,4,0,3,2,0,1,1,0,1,1,Pedestrian Hit,Flyover,Unknown,Daylight,Poor,Mobile Phone Use,2023-07-14,2023,7,11,Friday,Jul,2,0,9,Morning
ACC01359,Surat,Adajan PS,2024-01-17 15:50:00,23.07133,70.44787,SH-14,District Road,Damage Only,0,0,0,0,0,0,0,0,0,0,Side Impact,Junction/Intersection,Cloudy,Dawn/Dusk,Unknown,No Helmet,2024-01-17,2024,1,15,Wednesday,Jan,0,0,0,Afternoon
ACC01360,Gandhinagar,Dehgam PS,2022-02-11 09:35:00,21.151748,70.324994,Airport Road,Urban Road,Fatal,4,1,0,0,2,2,0,1,1,1,Hit & Run,Flyover,Cloudy,Dawn/Dusk,Moderate,No Seatbelt,2022-02-11,2022,2,9,Friday,Feb,3,4,4,Morning
ACC01361,Bharuch,Amod PS,2023-08-23 00:59:00,22.90116,72.970779,City Road,Urban Road,Minor,2,0,0,3,0,0,1,0,0,1,Hit & Run,Speed Breaker,Hazy,Night - Street Light On,Poor,Mobile Phone Use,2023-08-23,2023,8,0,Wednesday,Aug,1,0,5,Night
ACC01362,Junagadh,Junagadh City PS,2022-12-31 00:48:00,21.505767,70.375422,Expressway,Urban Road,Minor,1,0,0,1,0,0,1,0,0,0,Head-On,Speed Breaker,Foggy,Dawn/Dusk,Unknown,Signal Jumping,2022-12-31,2022,12,0,Saturday,Dec,1,0,2,Night
ACC01363,Gandhinagar,Sector 7 PS,2024-05-20 06:36:00,22.250227,72.751315,NH-53,State Highway,Grievous,1,0,2,0,0,1,0,0,0,1,Pedestrian Hit,Junction/Intersection,Foggy,Night - No Street Light,Good,Wrong Side Driving,2024-05-20,2024,5,6,Monday,May,2,0,4,Morning
ACC01364,Bharuch,Bharuch City PS,2024-10-17 04:44:00,20.122382,68.245906,NH-53,National Highway,Grievous,4,0,2,2,0,2,2,0,0,0,Rollover,Curve,Foggy,Night - Street Light On,Good,Signal Jumping,2024-10-17,2024,10,4,Thursday,Oct,2,0,8,Night
ACC01365,Mehsana,Patan PS,2022-11-09 06:05:00,23.434464,68.996088,City Road,State Highway,Minor,0,0,0,2,0,0,0,0,0,1,Side Impact,Junction/Intersection,Rainy,Dawn/Dusk,Poor,Signal Jumping,2022-11-09,2022,11,6,Wednesday,Nov,1,0,3,Morning
ACC01366,Anand,Vallabh Vidyanagar PS,2024-09-29 11:07:00,22.508434,71.429737,Airport Road,Urban Road,Minor,4,0,0,1,0,0,2,0,0,0,Single Vehicle,Junction/Intersection,Foggy,Night - No Street Light,Good,Mobile Phone Use,2024-09-29,2024,9,11,Sunday,Sep,1,0,3,Morning
ACC01367,Bhavnagar,Sihor PS,2022-10-26 03:05:00,24.248635,73.321423,SH-20,National Highway,Damage Only,4,0,0,0,0,0,0,0,0,0,Pedestrian Hit,Pothole Area,Cloudy,Daylight,Unknown,Signal Jumping,2022-10-26,2022,10,3,Wednesday,Oct,0,0,0,Night
ACC01368,Vadodara,Gotri PS,2021-08-09 13:29:00,22.134405,74.385431,NH-53,Rural Road,Minor,4,0,0,2,0,0,0,0,0,0,Pedestrian Hit,Junction/Intersection,Cloudy,Night - No Street Light,Unknown,Signal Jumping,2021-08-09,2021,8,13,Monday,Aug,1,0,2,Afternoon
ACC01369,Anand,Anand City PS,2023-11-19 08:33:00,24.588251,70.571206,NH-48,Rural Road,Minor,4,0,0,1,0,0,0,0,0,0,Rollover,Straight Road,Cloudy,Night - Street Light On,Good,Unknown,2023-11-19,2023,11,8,Sunday,Nov,1,0,1,Morning
ACC01370,Bhavnagar,Mahuva PS,2022-11-20 02:27:00,24.428715,68.304662,SH-20,Rural Road,Fatal,4,1,0,0,0,0,1,0,1,0,Single Vehicle,Speed Breaker,Hazy,Night - Street Light On,Moderate,Unknown,2022-11-20,2022,11,2,Sunday,Nov,3,1,2,Night
ACC01371,Junagadh,Veraval PS,2021-07-05 21:18:00,20.363048,73.240234,Ring Road,State Highway,Grievous,1,0,2,0,0,1,0,0,1,1,Side Impact,Flyover,Unknown,Night - Street Light On,Moderate,Wrong Side Driving,2021-07-05,2021,7,21,Monday,Jul,2,0,5,Evening
ACC01372,Mehsana,Kadi PS,2023-08-14 05:38:00,20.606916,71.819961,Expressway,National Highway,Fatal,4,2,0,0,1,2,2,0,1,0,Side Impact,Curve,Clear,Night - Street Light On,Poor,Wrong Side Driving,2023-08-14,2023,8,5,Monday,Aug,3,3,5,Night
ACC01373,Mehsana,Mehsana City PS,2024-10-20 20:06:00,21.976801,68.822561,City Road,District Road,Minor,2,0,0,3,0,0,0,0,0,1,Hit & Run,Bridge,Foggy,Daylight,Unknown,Wrong Side Driving,2024-10-20,2024,10,20,Sunday,Oct,1,0,4,Evening
ACC01374,Vadodara,Gotri PS,2021-06-20 23:03:00,22.35019,69.080405,NH-27,District Road,Fatal,2,2,0,1,1,1,0,1,1,0,Rollover,Bridge,Hazy,Daylight,Poor,Overloading,2021-06-20,2021,6,23,Sunday,Jun,3,4,3,Night
ACC01375,Mehsana,Mehsana City PS,2023-06-25 20:18:00,22.836342,72.692673,SH-20,Urban Road,Minor,2,0,0,1,0,0,0,0,0,1,Pedestrian Hit,Junction/Intersection,Foggy,Night - No Street Light,Good,Over Speeding,2023-06-25,2023,6,20,Sunday,Jun,1,0,2,Evening
ACC01376,Junagadh,Keshod PS,2024-02-22 15:35:00,24.18045,70.050975,SH-20,State Highway,Minor,1,0,0,1,0,0,2,0,0,0,Head-On,Junction/Intersection,Hazy,Dawn/Dusk,Unknown,No Seatbelt,2024-02-22,2024,2,15,Thursday,Feb,1,0,3,Afternoon
ACC01377,Gandhinagar,Sector 21 PS,2024-05-23 23:50:00,21.9772,72.380346,SH-14,State Highway,Grievous,1,0,1,0,0,2,0,0,1,0,Single Vehicle,Pothole Area,Unknown,Night - Street Light On,Moderate,No Seatbelt,2024-05-23,2024,5,23,Thursday,May,2,0,4,Night
ACC01378,Vadodara,Sayajigunj PS,2021-04-10 10:06:00,21.391759,71.5366,NH-53,Rural Road,Grievous,2,0,3,0,0,0,2,0,1,0,Rear-End,Unknown,Rainy,Night - Street Light On,Poor,Wrong Side Driving,2021-04-10,2021,4,10,Saturday,Apr,2,0,6,Morning
ACC01379,Junagadh,Junagadh City PS,2024-07-28 13:14:00,20.141573,72.363442,City Road,District Road,Damage Only,1,0,0,0,0,0,0,0,0,0,Head-On,Pothole Area,Cloudy,Night - Street Light On,Unknown,Unknown,2024-07-28,2024,7,13,Sunday,Jul,0,0,0,Afternoon
ACC01380,Mehsana,Patan PS,2024-04-28 22:19:00,22.070689,68.369273,SH-20,Urban Road,Fatal,1,1,1,0,0,1,2,1,1,0,Rear-End,Pothole Area,Unknown,Daylight,Good,Overloading,2024-04-28,2024,4,22,Sunday,Apr,3,2,5,Night
ACC01381,Ahmedabad,Maninagar PS,2022-03-20 14:00:00,20.472264,73.020808,NH-8,National Highway,Fatal,3,1,0,0,2,1,1,1,1,0,Head-On,Flyover,Unknown,Night - No Street Light,Poor,Mobile Phone Use,2022-03-20,2022,3,14,Sunday,Mar,3,4,3,Afternoon
ACC01382,Ahmedabad,Bapunagar PS,2022-01-17 14:27:00,21.187106,72.411439,NH-27,District Road,Minor,2,0,0,3,0,0,1,0,0,1,Single Vehicle,Speed Breaker,Hazy,Dawn/Dusk,Moderate,No Seatbelt,2022-01-17,2022,1,14,Monday,Jan,1,0,5,Afternoon
ACC01383,Ahmedabad,Maninagar PS,2023-04-03 12:59:00,22.601953,70.445208,Bypass Road,National Highway,Damage Only,2,0,0,0,0,0,0,0,0,0,Rear-End,Curve,Hazy,Dawn/Dusk,Poor,Over Speeding,2023-04-03,2023,4,12,Monday,Apr,0,0,0,Afternoon
ACC01384,Vadodara,Fatehgunj PS,2024-11-08 20:59:00,24.494676,74.156913,SH-14,District Road,Grievous,2,0,2,0,0,0,2,0,1,0,Side Impact,Bridge,Rainy,Dawn/Dusk,Unknown,Wrong Side Driving,2024-11-08,2024,11,20,Friday,Nov,2,0,5,Evening
ACC01385,Anand,Anand City PS,2024-11-02 09:11:00,20.570424,71.32156,NH-27,District Road,Minor,3,0,0,2,0,0,0,0,0,1,Rollover,Speed Breaker,Unknown,Dawn/Dusk,Moderate,No Seatbelt,2024-11-02,2024,11,9,Saturday,Nov,1,0,3,Morning
ACC01386,Anand,Khambhat PS,2023-02-12 17:36:00,22.448364,68.237639,Ring Road,National Highway,Grievous,2,0,3,1,0,2,2,0,1,0,Rollover,Curve,Clear,Daylight,Poor,Unknown,2023-02-12,2023,2,17,Sunday,Feb,2,0,9,Afternoon
ACC01387,Rajkot,Rajkot Central PS,2022-12-07 18:11:00,20.766848,74.323337,Industrial Road,Urban Road,Minor,2,0,0,2,0,0,0,0,0,0,Head-On,Curve,Cloudy,Daylight,Unknown,No Helmet,2022-12-07,2022,12,18,Wednesday,Dec,1,0,2,Evening
ACC01388,Gandhinagar,Sector 21 PS,2023-02-12 23:59:00,22.763443,70.945474,NH-53,District Road,Minor,1,0,0,2,0,0,2,0,0,1,Rollover,Bridge,Clear,Night - Street Light On,Good,Drunk Driving,2023-02-12,2023,2,23,Sunday,Feb,1,0,5,Night
ACC01389,Surat,Adajan PS,2022-11-17 21:28:00,23.453852,71.38003,SH-14,National Highway,Grievous,2,0,1,0,0,0,1,0,1,0,Pedestrian Hit,Junction/Intersection,Hazy,Dawn/Dusk,Good,No Helmet,2022-11-17,2022,11,21,Thursday,Nov,2,0,3,Evening
ACC01390,Junagadh,Porbandar PS,2022-11-19 13:22:00,20.536636,72.27633,NH-48,State Highway,Grievous,1,0,1,1,0,0,0,0,1,1,Hit & Run,Curve,Unknown,Night - No Street Light,Unknown,Wrong Side Driving,2022-11-19,2022,11,13,Saturday,Nov,2,0,4,Afternoon
ACC01391,Bharuch,Vagra PS,2021-12-31 23:55:00,20.575436,71.935455,SH-6,National Highway,Damage Only,1,0,0,0,0,0,0,0,0,0,Hit & Run,Speed Breaker,Clear,Daylight,Moderate,Unknown,2021-12-31,2021,12,23,Friday,Dec,0,0,0,Night
ACC01392,Anand,Petlad PS,2021-12-08 22:03:00,21.053035,71.247424,Ring Road,Rural Road,Minor,2,0,0,3,0,0,0,0,0,1,Hit & Run,Flyover,Unknown,Night - Street Light On,Good,No Seatbelt,2021-12-08,2021,12,22,Wednesday,Dec,1,0,4,Night
ACC01393,Ahmedabad,Maninagar PS,2021-06-07 15:39:00,21.615345,72.852172,NH-48,Urban Road,Grievous,2,0,2,2,0,1,0,0,1,1,Side Impact,Flyover,Clear,Night - Street Light On,Unknown,Unknown,2021-06-07,2021,6,15,Monday,Jun,2,0,7,Afternoon
ACC01394,Junagadh,Keshod PS,2022-12-01 22:26:00,23.873513,71.865522,Industrial Road,Rural Road,Grievous,2,0,2,0,0,0,1,0,1,1,Rollover,Straight Road,Rainy,Dawn/Dusk,Poor,Wrong Side Driving,2022-12-01,2022,12,22,Thursday,Dec,2,0,5,Night
ACC01395,Ahmedabad,Bapunagar PS,2024-12-05 23:11:00,24.150689,72.75604,SH-41,Rural Road,Damage Only,2,0,0,0,0,0,0,0,0,0,Side Impact,Flyover,Cloudy,Night - Street Light On,Good,Signal Jumping,2024-12-05,2024,12,23,Thursday,Dec,0,0,0,Night
ACC01396,Anand,Anand City PS,2021-09-06 22:34:00,22.728662,69.72671,SH-41,Urban Road,Damage Only,3,0,0,0,0,0,0,0,0,0,Rear-End,Speed Breaker,Foggy,Night - No Street Light,Moderate,Drunk Driving,2021-09-06,2021,9,22,Monday,Sep,0,0,0,Night
ACC01397,Anand,Vallabh Vidyanagar PS,2021-04-18 19:15:00,,71.062848,Ring Road,District Road,Grievous,3,0,3,1,0,1,2,0,1,0,Rollover,Junction/Intersection,Hazy,Daylight,Unknown,Unknown,2021-04-18,2021,4,19,Sunday,Apr,2,0,8,Evening
ACC01398,Surat,Piplod PS,2024-06-05 19:55:00,20.595011,72.991319,SH-6,State Highway,Minor,1,0,0,1,0,0,0,0,0,0,Side Impact,Flyover,Clear,Dawn/Dusk,Unknown,Unknown,2024-06-05,2024,6,19,Wednesday,Jun,1,0,1,Evening
ACC01399,Bhavnagar,Palitana PS,2022-01-29 13:28:00,23.285089,72.238233,Expressway,National Highway,Minor,2,0,0,3,0,0,0,0,0,1,Side Impact,Pothole Area,Rainy,Night - No Street Light,Moderate,Unknown,2022-01-29,2022,1,13,Saturday,Jan,1,0,4,Afternoon
ACC01400,Ahmedabad,Bapunagar PS,2023-12-12 23:14:00,20.382122,69.647491,Expressway,Rural Road,Grievous,3,0,2,1,0,1,0,0,0,1,Rear-End,Junction/Intersection,Clear,Daylight,Good,Unknown,2023-12-12,2023,12,23,Tuesday,Dec,2,0,5,Night
ACC01401,Surat,Katargam PS,2024-11-20 08:15:00,23.568113,,Industrial Road,Urban Road,Damage Only,4,0,0,0,0,0,0,0,0,0,Side Impact,Junction/Intersection,Unknown,Daylight,Good,Unknown,2024-11-20,2024,11,8,Wednesday,Nov,0,0,0,Morning
ACC01402,Ahmedabad,Chandkheda PS,2023-05-04 08:00:00,22.749407,71.218455,SH-6,Rural Road,Damage Only,0,0,0,0,0,0,0,0,0,0,Rollover,Pothole Area,Clear,Night - Street Light On,Unknown,Over Speeding,2023-05-04,2023,5,8,Thursday,May,0,0,0,Morning
ACC01403,Gandhinagar,Sector 7 PS,2022-09-07 10:05:00,22.96851,73.295307,Ring Road,District Road,Damage Only,4,0,0,0,0,0,0,0,0,0,Pedestrian Hit,Flyover,Clear,Daylight,Moderate,No Helmet,2022-09-07,2022,9,10,Wednesday,Sep,0,0,0,Morning
ACC01404,Bharuch,Amod PS,2022-07-02 05:47:00,24.654352,74.127904,SH-6,Urban Road,Grievous,3,0,1,0,0,1,2,0,1,0,Hit & Run,Bridge,Cloudy,Dawn/Dusk,Moderate,Signal Jumping,2022-07-02,2022,7,5,Saturday,Jul,2,0,5,Night
ACC01405,Ahmedabad,Naranpura PS,2024-07-04 17:50:00,22.900617,,Industrial Road,District Road,Minor,2,0,0,2,0,0,0,0,0,1,Pedestrian Hit,Flyover,Foggy,Night - Street Light On,Poor,Unknown,2024-07-04,2024,7,17,Thursday,Jul,1,0,3,Afternoon
ACC01406,Anand,Vallabh Vidyanagar PS,2023-11-16 23:12:00,20.980051,72.349639,Airport Road,State Highway,Minor,1,0,0,3,0,0,2,0,0,1,Rollover,Curve,Foggy,Night - Street Light On,Unknown,No Helmet,2023-11-16,2023,11,23,Thursday,Nov,1,0,6,Night
ACC01407,Anand,Petlad PS,2022-06-06 23:02:00,23.669812,69.914212,SH-14,Urban Road,Grievous,1,0,2,1,0,1,0,0,1,0,Rear-End,Curve,Cloudy,Night - Street Light On,Poor,No Helmet,2022-06-06,2022,6,23,Monday,Jun,2,0,5,Night
ACC01408,Vadodara,Gotri PS,2024-07-21 16:51:00,21.816801,74.308672,Bypass Road,District Road,Minor,3,0,0,1,0,0,1,0,0,0,Pedestrian Hit,Straight Road,Rainy,Dawn/Dusk,Unknown,Mobile Phone Use,2024-07-21,2024,7,16,Sunday,Jul,1,0,2,Afternoon
ACC01409,Mehsana,Kadi PS,2022-11-04 01:16:00,23.791812,68.12854,NH-8,District Road,Fatal,3,1,2,1,2,1,1,1,1,1,Rollover,Junction/Intersection,Foggy,Night - Street Light On,Unknown,Wrong Side Driving,2022-11-04,2022,11,1,Friday,Nov,3,4,7,Night
ACC01410,Mehsana,Mehsana City PS,2023-04-17 22:06:00,24.025422,73.59475,SH-41,National Highway,Grievous,1,0,1,0,0,1,2,0,0,1,Pedestrian Hit,Straight Road,Clear,Night - No Street Light,Unknown,Drunk Driving,2023-04-17,2023,4,22,Monday,Apr,2,0,5,Night
ACC01411,Bharuch,Vagra PS,2023-09-11 11:26:00,21.598645,68.582414,Expressway,Rural Road,Grievous,3,0,3,1,0,2,2,0,0,0,Rollover,Straight Road,Unknown,Daylight,Unknown,Overloading,2023-09-11,2023,9,11,Monday,Sep,2,0,8,Morning
ACC01412,Gandhinagar,Sector 7 PS,2023-01-24 19:56:00,22.100712,68.217473,SH-14,District Road,Grievous,2,0,2,1,0,0,1,0,1,0,Side Impact,Straight Road,Unknown,Night - No Street Light,Unknown,No Seatbelt,2023-01-24,2023,1,19,Tuesday,Jan,2,0,5,Evening